,n,26,Unnamed: 2,Unnamed: 3,Unnamed: 4,Unnamed: 5,Unnamed: 6,Unnamed: 7,Unnamed: 8,Unnamed: 9,Unnamed: 10,Unnamed: 11,Unnamed: 12,Unnamed: 13,Unnamed: 14,Unnamed: 15,Unnamed: 16,Unnamed: 17,Unnamed: 18,Unnamed: 19,Unnamed: 20,Unnamed: 21,Unnamed: 22,Unnamed: 23,Unnamed: 24,Unnamed: 25,Unnamed: 26,Unnamed: 27,Unnamed: 28,Unnamed: 29,Unnamed: 30,Unnamed: 31,Unnamed: 32,Unnamed: 33,Unnamed: 34,Unnamed: 35,Unnamed: 36,Unnamed: 37,Unnamed: 38,Unnamed: 39,Unnamed: 40,Unnamed: 41
0,L,5,,,,,,,,,,,,,,,,,,,,,,,,,,,,,,,,,,,,,,,,
1,C,5,,,,,,,,,,,,,,,,,,,,,,,,,,,,,,,,,,,,,,,,
2,m,38,,,,,,,,,,,,,,,,,,,,,,,,,,,,,,,,,,,,,,,,
3,op29,87,,,,,,,,,,,,,,,,,,,,,,,,,,,,,,,,,,,,,,,,
4,N_Cmax,125,,,,,,,,,,,,,,,,,,,,,,,,,,,,,,,,,,,,,,,,
5,N_TT,651,,,,,,,,,,,,,,,,,,,,,,,,,,,,,,,,,,,,,,,,
6,I_Cmax,57,,,,,,,,,,,,,,,,,,,,,,,,,,,,,,,,,,,,,,,,
7,I_TT,0,,,,,,,,,,,,,,,,,,,,,,,,,,,,,,,,,,,,,,,,
8,MaxFES,21500,,,,,,,,,,,,,,,,,,,,,,,,,,,,,,,,,,,,,,,,
9,,,,,,,,,,,,,,,,,,,,,,,,,,,,,,,,,,,,,,,,,,
10,,,,1.0,1.0,1.0,1.0,1.0,1.0,1.0,1.0,2.0,2.0,2.0,2.0,2.0,2.0,2.0,2.0,3.0,3.0,3.0,3.0,3.0,3.0,3.0,3.0,3.0,4.0,4.0,4.0,4.0,4.0,4.0,4.0,4.0,4.0,5.0,5.0,5.0,5.0,Cell
11,,,,1.0,2.0,2.0,2.0,2.0,2.0,2.0,2.0,3.0,4.0,4.0,4.0,4.0,4.0,4.0,4.0,7.0,8.0,8.0,8.0,8.0,8.0,8.0,8.0,14.0,9.0,10.0,10.0,10.0,10.0,10.0,10.0,10.0,11.0,15.0,16.0,17.0,18.0,Machine
12,Part Family,Job,Operation no,1.0,1.0,2.0,3.0,4.0,5.0,6.0,7.0,1.0,1.0,2.0,3.0,4.0,5.0,6.0,7.0,1.0,1.0,2.0,3.0,4.0,5.0,6.0,7.0,1.0,1.0,1.0,2.0,3.0,4.0,5.0,6.0,7.0,1.0,1.0,1.0,1.0,1.0,Alternative(for machine)
13,1,1,1,4.0,,,,,,,,,,,,,,,,,,,,,,,,,,,,,,,,,,,,,,
14,1,1,2,,5.0,5.0,5.0,5.0,5.0,5.0,5.0,,,,,,,,,,,,,,,,,,,,,,,,,,,,,,,
15,1,1,3,,,,,,,,,6.0,,,,,,,,,,,,,,,,,,,,,,,,,,,,,,
16,1,1,4,,5.0,5.0,5.0,5.0,5.0,5.0,5.0,,,,,,,,,,,,,,,,,,,,,,,,,,,,,,,
17,1,2,1,,4.0,4.0,4.0,4.0,4.0,4.0,4.0,,,,,,,,,,,,,,,,,,,,,,,,,,,,,,,
18,1,2,2,3.0,,,,,,,,,,,,,,,,,,,,,,,,,,,,,,,,,,,,,,
19,1,2,3,,4.0,4.0,4.0,4.0,4.0,4.0,4.0,,,,,,,,,,,,,,,,,,,,,,,,,,,,,,,
20,1,5,1,,,,,,,,,,3.0,3.0,3.0,3.0,3.0,3.0,3.0,,,,,,,,,,,,,,,,,,,,,,,
21,1,5,2,,2.0,2.0,2.0,2.0,2.0,2.0,2.0,,,,,,,,,,,,,,,,,,,,,,,,,,,,,,,
22,1,5,3,6.0,,,,,,,,,,,,,,,,,,,,,,,,,,,,,,,,,,,,,,
23,1,5,4,,,,,,,,,,3.0,3.0,3.0,3.0,3.0,3.0,3.0,,,,,,,,,,,,,,,,,,,,,,,
24,1,9,1,,5.0,5.0,5.0,5.0,5.0,5.0,5.0,,,,,,,,,,,,,,,,,,,,,,,,,,,,,,,
25,1,9,2,4.0,,,,,,,,,,,,,,,,,,,,,,,,,,,,,,,,,,,,,,
26,1,9,3,,5.0,5.0,5.0,5.0,5.0,5.0,5.0,,,,,,,,,,,,,,,,,,,,,,,,,,,,,,,
27,2,3,1,,,,,,,,,,4.0,4.0,4.0,4.0,4.0,4.0,4.0,,,,,,,,,,,,,,,,,,,,,,,
28,2,3,2,,7.0,7.0,7.0,7.0,7.0,7.0,7.0,,,,,,,,,,,,,,,,,,,,,,,,,,,,,,,
29,2,3,3,,,,,,,,,2.0,,,,,,,,,,,,,,,,,,,,,,,,,,,,,,
30,2,4,1,,,,,,,,,6.0,,,,,,,,,,,,,,,,,,,,,,,,,,,,,,
31,2,4,2,,,,,,,,,,2.0,2.0,2.0,2.0,2.0,2.0,2.0,,,,,,,,,,,,,,,,,,,,,,,
32,2,4,3,,,,,,,,,6.0,,,,,,,,,,,,,,,,,,,,,,,,,,,,,,
33,2,6,1,1.0,,,,,,,,,,,,,,,,,,,,,,,,,,,,,,,,,,,,,,
34,2,6,2,,,,,,,,,,7.0,7.0,7.0,7.0,7.0,7.0,7.0,,,,,,,,,,,,,,,,,,,,,,,
35,2,6,3,,,,,,,,,5.0,,,,,,,,,,,,,,,,,,,,,,,,,,,,,,
36,2,6,4,1.0,,,,,,,,,,,,,,,,,,,,,,,,,,,,,,,,,,,,,,
37,2,10,1,,,,,,,,,9.0,,,,,,,,,,,,,,,,,,,,,,,,,,,,,,
38,2,10,2,,7.0,7.0,7.0,7.0,7.0,7.0,7.0,,,,,,,,,,,,,,,,,,,,,,,,,,,,,,,
39,2,10,3,,,,,,,,,,3.0,3.0,3.0,3.0,3.0,3.0,3.0,,,,,,,,,,,,,,,,,,,,,,,
40,2,22,1,,,,,,,,,,3.0,3.0,3.0,3.0,3.0,3.0,3.0,,,,,,,,,,,,,,,,,,,,,,,
41,2,22,2,,,,,,,,,8.0,,,,,,,,,,,,,,,,,,,,,,,,,,,,,,
42,2,22,3,,,,,,,,,,3.0,3.0,3.0,3.0,3.0,3.0,3.0,,,,,,,,,,,,,,,,,,,,,,,
43,2,22,4,,,,,,,,,8.0,,,,,,,,,,,,,,,,,,,,,,,,,,,,,,
44,2,23,1,,,,,,,,,,7.0,7.0,7.0,7.0,7.0,7.0,7.0,,,,,,,,,,,,,,,,,,,,,,,
45,3,15,1,,,,,,,,,,,,,,,,,,2.0,2.0,2.0,2.0,2.0,2.0,2.0,,,,,,,,,,,,,,,
46,3,15,2,,,,,,,,,,,,,,,,,4.0,,,,,,,,,,,,,,,,,,,,,,
47,3,15,3,,,,,,,,,,1.0,1.0,1.0,1.0,1.0,1.0,1.0,,,,,,,,,,,,,,,,,,,,,,,
48,3,16,1,,,,,,,,,,,,,,,,,5.0,,,,,,,,,,,,,,,,,,,,,,
49,3,16,2,,2.0,2.0,2.0,2.0,2.0,2.0,2.0,,,,,,,,,,,,,,,,,,,,,,,,,,,,,,,
50,3,16,3,,,,,,,,,,,,,,,,,,3.0,3.0,3.0,3.0,3.0,3.0,3.0,,,,,,,,,,,,,,,
51,3,16,4,,2.0,2.0,2.0,2.0,2.0,2.0,2.0,,,,,,,,,,,,,,,,,,,,,,,,,,,,,,,
52,3,17,1,,,,,,,,,,1.0,1.0,1.0,1.0,1.0,1.0,1.0,,,,,,,,,,,,,,,,,,,,,,,
53,3,17,2,,,,,,,,,,,,,,,,,1.0,,,,,,,,,,,,,,,,,,,,,,
54,3,17,3,,,,,,,,,,,,,,,,,,2.0,2.0,2.0,2.0,2.0,2.0,2.0,,,,,,,,,,,,,,,
55,3,47,1,,,,,,,,,,,,,,,,,,,,,,,,,,,3.0,3.0,3.0,3.0,3.0,3.0,3.0,,,,,,
56,3,47,2,,,,,,,,,,,,,,,,,,8.0,8.0,8.0,8.0,8.0,8.0,8.0,,,,,,,,,,,,,,,
57,3,47,3,,,,,,,,,,,,,,,,,,,,,,,,,7.0,,,,,,,,,,,,,,
58,3,47,4,,,,,,,,,,,,,,,,,,,,,,,,,,,3.0,3.0,3.0,3.0,3.0,3.0,3.0,,,,,,
59,3,48,1,,,,,,,,,,,,,,,,,,1.0,1.0,1.0,1.0,1.0,1.0,1.0,,,,,,,,,,,,,,,
60,3,48,2,,,,,,,,,,,,,,,,,4.0,,,,,,,,,,,,,,,,,,,,,,
61,3,48,3,,,,,,,,,,,,,,,,,,,,,,,,,3.0,,,,,,,,,,,,,,
62,3,30,1,,,,,,,,,,,,,,,,,,,,,,,,,6.0,,,,,,,,,,,,,,
63,3,30,2,,,,,,,,,,,,,,,,,,3.0,3.0,3.0,3.0,3.0,3.0,3.0,,,,,,,,,,,,,,,
64,3,30,3,,,,,,,,,,,,,,,,,5.0,,,,,,,,,,,,,,,,,,,,,,
65,3,30,4,,,,,,,,,,,,,,,,,,3.0,3.0,3.0,3.0,3.0,3.0,3.0,,,,,,,,,,,,,,,
66,4,18,1,,,,,,,,,,,,,,,,,,,,,,,,,,,6.0,6.0,6.0,6.0,6.0,6.0,6.0,,,,,,
67,4,18,2,,,,,,,,,,,,,,,,,,,,,,,,,,4.0,,,,,,,,,,,,,
68,4,24,1,,,,,,,,,,,,,,,,,,,,,,,,,,7.0,,,,,,,,,,,,,
69,4,24,2,,,,,,,,,,,,,,,,,,,,,,,,,,,4.0,4.0,4.0,4.0,4.0,4.0,4.0,,,,,,
70,4,24,3,,,,,,,,,,,,,,,,,,,,,,,,,,7.0,,,,,,,,,,,,,
71,4,33,1,,,,,,,,,,,,,,,,,,,,,,,,,,,,,,,,,,3.0,,,,,
72,4,33,2,,,,,,,,,,,,,,,,,,,,,,,,,,6.0,,,,,,,,,,,,,
73,4,33,3,,,,,,,,,,,,,,,,,,,,,,,,,,,5.0,5.0,5.0,5.0,5.0,5.0,5.0,,,,,,
74,4,33,4,,,,,,,,,,,,,,,,,,,,,,,,,,6.0,,,,,,,,,,,,,
75,4,46,1,,,,,,,,,,,,,,,,,,,,,,,,,,,,,,,,,,,,3.0,,,
76,4,46,2,,,,,,,,,,,,,,,,,,,,,,,,,,,7.0,7.0,7.0,7.0,7.0,7.0,7.0,,,,,,
77,4,46,3,,,,,,,,,,,,,,,,,,,,,,,,,,,,,,,,,,2.0,,,,,
78,4,19,1,,,,,,,,,,,,,,,,,,,,,,,,,,3.0,,,,,,,,,,,,,
79,4,19,2,,,,,,,,,,,,,,,,,6.0,,,,,,,,,,,,,,,,,,,,,,
80,4,19,3,,,,,,,,,,,,,,,,,,,,,,,,,,,2.0,2.0,2.0,2.0,2.0,2.0,2.0,,,,,,
81,5,45,1,,,,,,,,,,,,,,,,,,,,,,,,,,,,,,,,,,,2.0,,,,
82,5,45,2,,,,,,,,,,,,,,,,,,,,,,,,,,,,,,,,,,4.0,,,,,
83,5,45,3,,,,,,,,,,,,,,,,,,,,,,,,,,,,,,,,,,,,,,8.0,
84,5,45,4,,,,,,,,,,,,,,,,,,,,,,,,,,,,,,,,,,,,,6.0,,
85,5,34,1,,,,,,,,,,,,,,,,,,,,,,,,,,,,,,,,,,,,2.0,,,
86,5,34,2,,,,,,,,,,,,,,,,,,,,,,,,,,,,,,,,,,,6.0,,,,
87,5,34,3,,,,,,,,,,,,,,,,,,,,,,,,,,,,,,,,,,,,,,3.0,
88,5,34,4,,,,,,,,,,,,,,,,,,,,,,,,,,,,,,,,,,,,,1.0,,
89,5,35,1,,,,,,,,,,,,,,,,,,,,,,,,,,,,,,,,,,,,,3.0,,
90,5,35,2,,,,,,,,,,,,,,,,,,,,,,,,,,,,,,,,,,,,5.0,,,
91,5,35,3,,,,,,,,,,,,,,,,,,,,,,,,,,,,,,,,,,,,,,7.0,
92,5,36,1,,,,,,,,,,,,,,,,,,,,,,,,,,,,,,,,,,,,6.0,,,
93,5,36,2,,,,,,,,,,,,,,,,,,,,,,,,,,,,,,,,,,,,,2.0,,
94,5,36,3,,,,,,,,,,,,,,,,,,,,,,,,,,,,,,,,,,,,6.0,,,
95,5,36,4,,,,,,,,,,,,,,,,,,,,,,,,,,,,,,,,,,,4.0,,,,
96,5,37,1,,,,,,,,,,,,,,,,,,,,,,,,,,,,,,,,,,,5.0,,,,
97,5,37,2,,,,,,,,,,,,,,,,,,,,,,,,,,,,,,,,,,,,,3.0,,
98,5,37,3,,,,,,,,,,,,,,,,,,,,,,,,,,,,,,,,,,,,1.0,,,
99,5,37,4,,,,,,,,,,,,,,,,,,,,,,,,,,,,,,,,,,,,,,6.0,
100,,,,,,,,,,,,,,,,,,,,,,,,,,,,,,,,,,,,,,,,,,
101,Part Family,Part Family,Setup Time,,,,,,,,,,,,,,,,,,,,,,,,,,,,,,,,,,,,,,,
102,1,1,0,,,,,,,,,,,,,,,,,,,,,,,,,,,,,,,,,,,,,,,
103,1,2,3,,,,,,,,,,,,,,,,,,,,,,,,,,,,,,,,,,,,,,,
104,1,3,7,,,,,,,,,,,,,,,,,,,,,,,,,,,,,,,,,,,,,,,
105,1,4,4,,,,,,,,,,,,,,,,,,,,,,,,,,,,,,,,,,,,,,,
106,1,5,5,,,,,,,,,,,,,,,,,,,,,,,,,,,,,,,,,,,,,,,
107,2,1,4,,,,,,,,,,,,,,,,,,,,,,,,,,,,,,,,,,,,,,,
108,2,2,0,,,,,,,,,,,,,,,,,,,,,,,,,,,,,,,,,,,,,,,
109,2,3,4,,,,,,,,,,,,,,,,,,,,,,,,,,,,,,,,,,,,,,,
110,2,4,2,,,,,,,,,,,,,,,,,,,,,,,,,,,,,,,,,,,,,,,
111,2,5,8,,,,,,,,,,,,,,,,,,,,,,,,,,,,,,,,,,,,,,,
112,3,1,6,,,,,,,,,,,,,,,,,,,,,,,,,,,,,,,,,,,,,,,
113,3,2,5,,,,,,,,,,,,,,,,,,,,,,,,,,,,,,,,,,,,,,,
114,3,3,0,,,,,,,,,,,,,,,,,,,,,,,,,,,,,,,,,,,,,,,
115,3,4,5,,,,,,,,,,,,,,,,,,,,,,,,,,,,,,,,,,,,,,,
116,3,5,4,,,,,,,,,,,,,,,,,,,,,,,,,,,,,,,,,,,,,,,
117,4,1,7,,,,,,,,,,,,,,,,,,,,,,,,,,,,,,,,,,,,,,,
118,4,2,5,,,,,,,,,,,,,,,,,,,,,,,,,,,,,,,,,,,,,,,
119,4,3,2,,,,,,,,,,,,,,,,,,,,,,,,,,,,,,,,,,,,,,,
120,4,4,0,,,,,,,,,,,,,,,,,,,,,,,,,,,,,,,,,,,,,,,
121,4,5,3,,,,,,,,,,,,,,,,,,,,,,,,,,,,,,,,,,,,,,,
122,5,1,5,,,,,,,,,,,,,,,,,,,,,,,,,,,,,,,,,,,,,,,
123,5,2,3,,,,,,,,,,,,,,,,,,,,,,,,,,,,,,,,,,,,,,,
124,5,3,5,,,,,,,,,,,,,,,,,,,,,,,,,,,,,,,,,,,,,,,
125,5,4,3,,,,,,,,,,,,,,,,,,,,,,,,,,,,,,,,,,,,,,,
126,5,5,0,,,,,,,,,,,,,,,,,,,,,,,,,,,,,,,,,,,,,,,
127,,,,,,,,,,,,,,,,,,,,,,,,,,,,,,,,,,,,,,,,,,
128,Cell,Cell,Transportation Time,,,,,,,,,,,,,,,,,,,,,,,,,,,,,,,,,,,,,,,
129,1,1,0,,,,,,,,,,,,,,,,,,,,,,,,,,,,,,,,,,,,,,,
130,1,2,3,,,,,,,,,,,,,,,,,,,,,,,,,,,,,,,,,,,,,,,
131,1,3,5,,,,,,,,,,,,,,,,,,,,,,,,,,,,,,,,,,,,,,,
132,1,4,4,,,,,,,,,,,,,,,,,,,,,,,,,,,,,,,,,,,,,,,
133,1,5,8,,,,,,,,,,,,,,,,,,,,,,,,,,,,,,,,,,,,,,,
134,2,1,4,,,,,,,,,,,,,,,,,,,,,,,,,,,,,,,,,,,,,,,
135,2,2,0,,,,,,,,,,,,,,,,,,,,,,,,,,,,,,,,,,,,,,,
136,2,3,8,,,,,,,,,,,,,,,,,,,,,,,,,,,,,,,,,,,,,,,
137,2,4,5,,,,,,,,,,,,,,,,,,,,,,,,,,,,,,,,,,,,,,,
138,2,5,4,,,,,,,,,,,,,,,,,,,,,,,,,,,,,,,,,,,,,,,
139,3,1,6,,,,,,,,,,,,,,,,,,,,,,,,,,,,,,,,,,,,,,,
140,3,2,5,,,,,,,,,,,,,,,,,,,,,,,,,,,,,,,,,,,,,,,
141,3,3,0,,,,,,,,,,,,,,,,,,,,,,,,,,,,,,,,,,,,,,,
142,3,4,3,,,,,,,,,,,,,,,,,,,,,,,,,,,,,,,,,,,,,,,
143,3,5,3,,,,,,,,,,,,,,,,,,,,,,,,,,,,,,,,,,,,,,,
144,4,1,5,,,,,,,,,,,,,,,,,,,,,,,,,,,,,,,,,,,,,,,
145,4,2,4,,,,,,,,,,,,,,,,,,,,,,,,,,,,,,,,,,,,,,,
146,4,3,3,,,,,,,,,,,,,,,,,,,,,,,,,,,,,,,,,,,,,,,
147,4,4,0,,,,,,,,,,,,,,,,,,,,,,,,,,,,,,,,,,,,,,,
148,4,5,2,,,,,,,,,,,,,,,,,,,,,,,,,,,,,,,,,,,,,,,
149,5,1,7,,,,,,,,,,,,,,,,,,,,,,,,,,,,,,,,,,,,,,,
150,5,2,5,,,,,,,,,,,,,,,,,,,,,,,,,,,,,,,,,,,,,,,
151,5,3,7,,,,,,,,,,,,,,,,,,,,,,,,,,,,,,,,,,,,,,,
152,5,4,2,,,,,,,,,,,,,,,,,,,,,,,,,,,,,,,,,,,,,,,
153,5,5,0,,,,,,,,,,,,,,,,,,,,,,,,,,,,,,,,,,,,,,,
154,,,,,,,,,,,,,,,,,,,,,,,,,,,,,,,,,,,,,,,,,,
155,Job,Due Date,,,,,,,,,,,,,,,,,,,,,,,,,,,,,,,,,,,,,,,,
156,1,98,,,,,,,,,,,,,,,,,,,,,,,,,,,,,,,,,,,,,,,,
157,2,77,,,,,,,,,,,,,,,,,,,,,,,,,,,,,,,,,,,,,,,,
158,5,48,,,,,,,,,,,,,,,,,,,,,,,,,,,,,,,,,,,,,,,,
159,9,50,,,,,,,,,,,,,,,,,,,,,,,,,,,,,,,,,,,,,,,,
160,3,75,,,,,,,,,,,,,,,,,,,,,,,,,,,,,,,,,,,,,,,,
161,4,3,,,,,,,,,,,,,,,,,,,,,,,,,,,,,,,,,,,,,,,,
162,6,2,,,,,,,,,,,,,,,,,,,,,,,,,,,,,,,,,,,,,,,,
163,10,8,,,,,,,,,,,,,,,,,,,,,,,,,,,,,,,,,,,,,,,,
164,22,11,,,,,,,,,,,,,,,,,,,,,,,,,,,,,,,,,,,,,,,,
165,23,5,,,,,,,,,,,,,,,,,,,,,,,,,,,,,,,,,,,,,,,,
166,15,103,,,,,,,,,,,,,,,,,,,,,,,,,,,,,,,,,,,,,,,,
167,16,4,,,,,,,,,,,,,,,,,,,,,,,,,,,,,,,,,,,,,,,,
168,17,13,,,,,,,,,,,,,,,,,,,,,,,,,,,,,,,,,,,,,,,,
169,47,30,,,,,,,,,,,,,,,,,,,,,,,,,,,,,,,,,,,,,,,,
170,48,21,,,,,,,,,,,,,,,,,,,,,,,,,,,,,,,,,,,,,,,,
171,30,18,,,,,,,,,,,,,,,,,,,,,,,,,,,,,,,,,,,,,,,,
172,18,67,,,,,,,,,,,,,,,,,,,,,,,,,,,,,,,,,,,,,,,,
173,24,89,,,,,,,,,,,,,,,,,,,,,,,,,,,,,,,,,,,,,,,,
174,33,15,,,,,,,,,,,,,,,,,,,,,,,,,,,,,,,,,,,,,,,,
175,46,46,,,,,,,,,,,,,,,,,,,,,,,,,,,,,,,,,,,,,,,,
176,19,15,,,,,,,,,,,,,,,,,,,,,,,,,,,,,,,,,,,,,,,,
177,45,29,,,,,,,,,,,,,,,,,,,,,,,,,,,,,,,,,,,,,,,,
178,34,52,,,,,,,,,,,,,,,,,,,,,,,,,,,,,,,,,,,,,,,,
179,35,17,,,,,,,,,,,,,,,,,,,,,,,,,,,,,,,,,,,,,,,,
180,36,42,,,,,,,,,,,,,,,,,,,,,,,,,,,,,,,,,,,,,,,,
181,37,61,,,,,,,,,,,,,,,,,,,,,,,,,,,,,,,,,,,,,,,,
182,,,,,,,,,,,,,,,,,,,,,,,,,,,,,,,,,,,,,,,,,,
183,No,Reference_point1,Reference_point2,,,,,,,,,,,,,,,,,,,,,,,,,,,,,,,,,,,,,,,
184,1,59,168,,,,,,,,,,,,,,,,,,,,,,,,,,,,,,,,,,,,,,,
185,2,61,305,,,,,,,,,,,,,,,,,,,,,,,,,,,,,,,,,,,,,,,
186,3,63,235,,,,,,,,,,,,,,,,,,,,,,,,,,,,,,,,,,,,,,,
187,4,60,341,,,,,,,,,,,,,,,,,,,,,,,,,,,,,,,,,,,,,,,
188,5,58,278,,,,,,,,,,,,,,,,,,,,,,,,,,,,,,,,,,,,,,,
189,6,57,197,,,,,,,,,,,,,,,,,,,,,,,,,,,,,,,,,,,,,,,
190,7,60,350,,,,,,,,,,,,,,,,,,,,,,,,,,,,,,,,,,,,,,,
191,8,63,281,,,,,,,,,,,,,,,,,,,,,,,,,,,,,,,,,,,,,,,
192,9,59,273,,,,,,,,,,,,,,,,,,,,,,,,,,,,,,,,,,,,,,,
193,10,64,291,,,,,,,,,,,,,,,,,,,,,,,,,,,,,,,,,,,,,,,
194,11,66,165,,,,,,,,,,,,,,,,,,,,,,,,,,,,,,,,,,,,,,,
195,12,58,225,,,,,,,,,,,,,,,,,,,,,,,,,,,,,,,,,,,,,,,
196,13,64,181,,,,,,,,,,,,,,,,,,,,,,,,,,,,,,,,,,,,,,,
197,14,64,209,,,,,,,,,,,,,,,,,,,,,,,,,,,,,,,,,,,,,,,
198,15,65,329,,,,,,,,,,,,,,,,,,,,,,,,,,,,,,,,,,,,,,,
199,16,62,294,,,,,,,,,,,,,,,,,,,,,,,,,,,,,,,,,,,,,,,
200,17,63,148,,,,,,,,,,,,,,,,,,,,,,,,,,,,,,,,,,,,,,,
201,18,66,312,,,,,,,,,,,,,,,,,,,,,,,,,,,,,,,,,,,,,,,
202,19,65,158,,,,,,,,,,,,,,,,,,,,,,,,,,,,,,,,,,,,,,,
203,20,62,254,,,,,,,,,,,,,,,,,,,,,,,,,,,,,,,,,,,,,,,
204,21,59,351,,,,,,,,,,,,,,,,,,,,,,,,,,,,,,,,,,,,,,,
205,22,63,226,,,,,,,,,,,,,,,,,,,,,,,,,,,,,,,,,,,,,,,
206,23,61,285,,,,,,,,,,,,,,,,,,,,,,,,,,,,,,,,,,,,,,,
207,24,63,243,,,,,,,,,,,,,,,,,,,,,,,,,,,,,,,,,,,,,,,
208,25,59,219,,,,,,,,,,,,,,,,,,,,,,,,,,,,,,,,,,,,,,,
209,26,62,181,,,,,,,,,,,,,,,,,,,,,,,,,,,,,,,,,,,,,,,
210,27,60,289,,,,,,,,,,,,,,,,,,,,,,,,,,,,,,,,,,,,,,,
211,28,60,178,,,,,,,,,,,,,,,,,,,,,,,,,,,,,,,,,,,,,,,
212,29,66,163,,,,,,,,,,,,,,,,,,,,,,,,,,,,,,,,,,,,,,,
213,30,66,247,,,,,,,,,,,,,,,,,,,,,,,,,,,,,,,,,,,,,,,
214,31,63,155,,,,,,,,,,,,,,,,,,,,,,,,,,,,,,,,,,,,,,,
215,32,58,190,,,,,,,,,,,,,,,,,,,,,,,,,,,,,,,,,,,,,,,
216,33,57,210,,,,,,,,,,,,,,,,,,,,,,,,,,,,,,,,,,,,,,,
217,34,62,209,,,,,,,,,,,,,,,,,,,,,,,,,,,,,,,,,,,,,,,
218,35,66,327,,,,,,,,,,,,,,,,,,,,,,,,,,,,,,,,,,,,,,,
219,36,64,191,,,,,,,,,,,,,,,,,,,,,,,,,,,,,,,,,,,,,,,
220,37,58,183,,,,,,,,,,,,,,,,,,,,,,,,,,,,,,,,,,,,,,,
221,38,61,343,,,,,,,,,,,,,,,,,,,,,,,,,,,,,,,,,,,,,,,
222,39,61,306,,,,,,,,,,,,,,,,,,,,,,,,,,,,,,,,,,,,,,,
223,40,66,171,,,,,,,,,,,,,,,,,,,,,,,,,,,,,,,,,,,,,,,
224,41,61,212,,,,,,,,,,,,,,,,,,,,,,,,,,,,,,,,,,,,,,,
225,42,57,243,,,,,,,,,,,,,,,,,,,,,,,,,,,,,,,,,,,,,,,
226,43,60,226,,,,,,,,,,,,,,,,,,,,,,,,,,,,,,,,,,,,,,,
227,44,60,147,,,,,,,,,,,,,,,,,,,,,,,,,,,,,,,,,,,,,,,
228,45,63,319,,,,,,,,,,,,,,,,,,,,,,,,,,,,,,,,,,,,,,,
229,46,65,306,,,,,,,,,,,,,,,,,,,,,,,,,,,,,,,,,,,,,,,
230,47,57,151,,,,,,,,,,,,,,,,,,,,,,,,,,,,,,,,,,,,,,,
231,48,65,192,,,,,,,,,,,,,,,,,,,,,,,,,,,,,,,,,,,,,,,
232,49,65,244,,,,,,,,,,,,,,,,,,,,,,,,,,,,,,,,,,,,,,,
233,50,60,171,,,,,,,,,,,,,,,,,,,,,,,,,,,,,,,,,,,,,,,
234,51,58,222,,,,,,,,,,,,,,,,,,,,,,,,,,,,,,,,,,,,,,,
235,52,61,222,,,,,,,,,,,,,,,,,,,,,,,,,,,,,,,,,,,,,,,
236,53,62,209,,,,,,,,,,,,,,,,,,,,,,,,,,,,,,,,,,,,,,,
237,54,57,180,,,,,,,,,,,,,,,,,,,,,,,,,,,,,,,,,,,,,,,
238,55,59,236,,,,,,,,,,,,,,,,,,,,,,,,,,,,,,,,,,,,,,,
239,56,64,182,,,,,,,,,,,,,,,,,,,,,,,,,,,,,,,,,,,,,,,
240,57,58,322,,,,,,,,,,,,,,,,,,,,,,,,,,,,,,,,,,,,,,,
241,58,66,211,,,,,,,,,,,,,,,,,,,,,,,,,,,,,,,,,,,,,,,
242,59,66,280,,,,,,,,,,,,,,,,,,,,,,,,,,,,,,,,,,,,,,,
243,60,65,290,,,,,,,,,,,,,,,,,,,,,,,,,,,,,,,,,,,,,,,
244,61,66,258,,,,,,,,,,,,,,,,,,,,,,,,,,,,,,,,,,,,,,,
245,62,63,179,,,,,,,,,,,,,,,,,,,,,,,,,,,,,,,,,,,,,,,
246,63,57,150,,,,,,,,,,,,,,,,,,,,,,,,,,,,,,,,,,,,,,,
247,64,58,161,,,,,,,,,,,,,,,,,,,,,,,,,,,,,,,,,,,,,,,
248,65,59,188,,,,,,,,,,,,,,,,,,,,,,,,,,,,,,,,,,,,,,,
249,66,57,337,,,,,,,,,,,,,,,,,,,,,,,,,,,,,,,,,,,,,,,
250,67,61,316,,,,,,,,,,,,,,,,,,,,,,,,,,,,,,,,,,,,,,,
251,68,66,171,,,,,,,,,,,,,,,,,,,,,,,,,,,,,,,,,,,,,,,
252,69,65,289,,,,,,,,,,,,,,,,,,,,,,,,,,,,,,,,,,,,,,,
253,70,66,157,,,,,,,,,,,,,,,,,,,,,,,,,,,,,,,,,,,,,,,
254,71,60,187,,,,,,,,,,,,,,,,,,,,,,,,,,,,,,,,,,,,,,,
255,72,64,183,,,,,,,,,,,,,,,,,,,,,,,,,,,,,,,,,,,,,,,
256,73,57,286,,,,,,,,,,,,,,,,,,,,,,,,,,,,,,,,,,,,,,,
257,74,63,195,,,,,,,,,,,,,,,,,,,,,,,,,,,,,,,,,,,,,,,
258,75,57,263,,,,,,,,,,,,,,,,,,,,,,,,,,,,,,,,,,,,,,,
259,76,59,191,,,,,,,,,,,,,,,,,,,,,,,,,,,,,,,,,,,,,,,
260,77,63,270,,,,,,,,,,,,,,,,,,,,,,,,,,,,,,,,,,,,,,,
261,78,58,267,,,,,,,,,,,,,,,,,,,,,,,,,,,,,,,,,,,,,,,
262,79,63,210,,,,,,,,,,,,,,,,,,,,,,,,,,,,,,,,,,,,,,,
263,80,60,256,,,,,,,,,,,,,,,,,,,,,,,,,,,,,,,,,,,,,,,
264,81,58,351,,,,,,,,,,,,,,,,,,,,,,,,,,,,,,,,,,,,,,,
265,82,65,158,,,,,,,,,,,,,,,,,,,,,,,,,,,,,,,,,,,,,,,
266,83,60,317,,,,,,,,,,,,,,,,,,,,,,,,,,,,,,,,,,,,,,,
267,84,64,210,,,,,,,,,,,,,,,,,,,,,,,,,,,,,,,,,,,,,,,
268,85,65,327,,,,,,,,,,,,,,,,,,,,,,,,,,,,,,,,,,,,,,,
269,86,61,206,,,,,,,,,,,,,,,,,,,,,,,,,,,,,,,,,,,,,,,
270,87,64,311,,,,,,,,,,,,,,,,,,,,,,,,,,,,,,,,,,,,,,,
271,88,60,299,,,,,,,,,,,,,,,,,,,,,,,,,,,,,,,,,,,,,,,
272,89,64,251,,,,,,,,,,,,,,,,,,,,,,,,,,,,,,,,,,,,,,,
273,90,57,216,,,,,,,,,,,,,,,,,,,,,,,,,,,,,,,,,,,,,,,
274,91,60,330,,,,,,,,,,,,,,,,,,,,,,,,,,,,,,,,,,,,,,,
275,92,57,295,,,,,,,,,,,,,,,,,,,,,,,,,,,,,,,,,,,,,,,
276,93,66,324,,,,,,,,,,,,,,,,,,,,,,,,,,,,,,,,,,,,,,,
277,94,60,326,,,,,,,,,,,,,,,,,,,,,,,,,,,,,,,,,,,,,,,
278,95,63,230,,,,,,,,,,,,,,,,,,,,,,,,,,,,,,,,,,,,,,,
279,96,61,256,,,,,,,,,,,,,,,,,,,,,,,,,,,,,,,,,,,,,,,
280,97,60,224,,,,,,,,,,,,,,,,,,,,,,,,,,,,,,,,,,,,,,,
281,98,65,213,,,,,,,,,,,,,,,,,,,,,,,,,,,,,,,,,,,,,,,
282,99,60,287,,,,,,,,,,,,,,,,,,,,,,,,,,,,,,,,,,,,,,,
283,100,65,199,,,,,,,,,,,,,,,,,,,,,,,,,,,,,,,,,,,,,,,
284,101,66,213,,,,,,,,,,,,,,,,,,,,,,,,,,,,,,,,,,,,,,,
285,102,60,178,,,,,,,,,,,,,,,,,,,,,,,,,,,,,,,,,,,,,,,
286,103,57,342,,,,,,,,,,,,,,,,,,,,,,,,,,,,,,,,,,,,,,,
287,104,61,316,,,,,,,,,,,,,,,,,,,,,,,,,,,,,,,,,,,,,,,
288,105,59,237,,,,,,,,,,,,,,,,,,,,,,,,,,,,,,,,,,,,,,,
289,106,64,182,,,,,,,,,,,,,,,,,,,,,,,,,,,,,,,,,,,,,,,
290,107,59,148,,,,,,,,,,,,,,,,,,,,,,,,,,,,,,,,,,,,,,,
291,108,58,204,,,,,,,,,,,,,,,,,,,,,,,,,,,,,,,,,,,,,,,
292,109,66,177,,,,,,,,,,,,,,,,,,,,,,,,,,,,,,,,,,,,,,,
293,110,57,248,,,,,,,,,,,,,,,,,,,,,,,,,,,,,,,,,,,,,,,
294,111,62,317,,,,,,,,,,,,,,,,,,,,,,,,,,,,,,,,,,,,,,,
295,112,63,238,,,,,,,,,,,,,,,,,,,,,,,,,,,,,,,,,,,,,,,
296,113,61,340,,,,,,,,,,,,,,,,,,,,,,,,,,,,,,,,,,,,,,,
297,114,66,220,,,,,,,,,,,,,,,,,,,,,,,,,,,,,,,,,,,,,,,
298,115,66,157,,,,,,,,,,,,,,,,,,,,,,,,,,,,,,,,,,,,,,,
299,116,61,168,,,,,,,,,,,,,,,,,,,,,,,,,,,,,,,,,,,,,,,
300,117,63,315,,,,,,,,,,,,,,,,,,,,,,,,,,,,,,,,,,,,,,,
301,118,60,158,,,,,,,,,,,,,,,,,,,,,,,,,,,,,,,,,,,,,,,
302,119,62,329,,,,,,,,,,,,,,,,,,,,,,,,,,,,,,,,,,,,,,,
303,120,63,147,,,,,,,,,,,,,,,,,,,,,,,,,,,,,,,,,,,,,,,
304,121,60,245,,,,,,,,,,,,,,,,,,,,,,,,,,,,,,,,,,,,,,,
305,122,63,188,,,,,,,,,,,,,,,,,,,,,,,,,,,,,,,,,,,,,,,
306,123,63,200,,,,,,,,,,,,,,,,,,,,,,,,,,,,,,,,,,,,,,,
307,124,59,215,,,,,,,,,,,,,,,,,,,,,,,,,,,,,,,,,,,,,,,
308,125,59,269,,,,,,,,,,,,,,,,,,,,,,,,,,,,,,,,,,,,,,,
309,126,60,182,,,,,,,,,,,,,,,,,,,,,,,,,,,,,,,,,,,,,,,
310,127,62,213,,,,,,,,,,,,,,,,,,,,,,,,,,,,,,,,,,,,,,,
311,128,64,177,,,,,,,,,,,,,,,,,,,,,,,,,,,,,,,,,,,,,,,
312,129,63,340,,,,,,,,,,,,,,,,,,,,,,,,,,,,,,,,,,,,,,,
313,130,64,178,,,,,,,,,,,,,,,,,,,,,,,,,,,,,,,,,,,,,,,
314,131,57,171,,,,,,,,,,,,,,,,,,,,,,,,,,,,,,,,,,,,,,,
315,132,66,179,,,,,,,,,,,,,,,,,,,,,,,,,,,,,,,,,,,,,,,
316,133,57,286,,,,,,,,,,,,,,,,,,,,,,,,,,,,,,,,,,,,,,,
317,134,61,231,,,,,,,,,,,,,,,,,,,,,,,,,,,,,,,,,,,,,,,
318,135,63,163,,,,,,,,,,,,,,,,,,,,,,,,,,,,,,,,,,,,,,,
319,136,64,158,,,,,,,,,,,,,,,,,,,,,,,,,,,,,,,,,,,,,,,
320,137,62,164,,,,,,,,,,,,,,,,,,,,,,,,,,,,,,,,,,,,,,,
321,138,58,154,,,,,,,,,,,,,,,,,,,,,,,,,,,,,,,,,,,,,,,
322,139,58,242,,,,,,,,,,,,,,,,,,,,,,,,,,,,,,,,,,,,,,,
323,140,65,181,,,,,,,,,,,,,,,,,,,,,,,,,,,,,,,,,,,,,,,
324,141,63,272,,,,,,,,,,,,,,,,,,,,,,,,,,,,,,,,,,,,,,,
325,142,58,212,,,,,,,,,,,,,,,,,,,,,,,,,,,,,,,,,,,,,,,
326,143,63,194,,,,,,,,,,,,,,,,,,,,,,,,,,,,,,,,,,,,,,,
327,144,62,219,,,,,,,,,,,,,,,,,,,,,,,,,,,,,,,,,,,,,,,
328,145,57,189,,,,,,,,,,,,,,,,,,,,,,,,,,,,,,,,,,,,,,,
329,146,61,264,,,,,,,,,,,,,,,,,,,,,,,,,,,,,,,,,,,,,,,
330,147,58,243,,,,,,,,,,,,,,,,,,,,,,,,,,,,,,,,,,,,,,,
331,148,57,199,,,,,,,,,,,,,,,,,,,,,,,,,,,,,,,,,,,,,,,
332,149,62,247,,,,,,,,,,,,,,,,,,,,,,,,,,,,,,,,,,,,,,,
333,150,58,341,,,,,,,,,,,,,,,,,,,,,,,,,,,,,,,,,,,,,,,
334,151,64,328,,,,,,,,,,,,,,,,,,,,,,,,,,,,,,,,,,,,,,,
335,152,63,175,,,,,,,,,,,,,,,,,,,,,,,,,,,,,,,,,,,,,,,
336,153,65,210,,,,,,,,,,,,,,,,,,,,,,,,,,,,,,,,,,,,,,,
337,154,63,248,,,,,,,,,,,,,,,,,,,,,,,,,,,,,,,,,,,,,,,
338,155,59,289,,,,,,,,,,,,,,,,,,,,,,,,,,,,,,,,,,,,,,,
339,156,66,185,,,,,,,,,,,,,,,,,,,,,,,,,,,,,,,,,,,,,,,
340,157,58,259,,,,,,,,,,,,,,,,,,,,,,,,,,,,,,,,,,,,,,,
341,158,62,227,,,,,,,,,,,,,,,,,,,,,,,,,,,,,,,,,,,,,,,
342,159,66,265,,,,,,,,,,,,,,,,,,,,,,,,,,,,,,,,,,,,,,,
343,160,61,310,,,,,,,,,,,,,,,,,,,,,,,,,,,,,,,,,,,,,,,
344,161,58,173,,,,,,,,,,,,,,,,,,,,,,,,,,,,,,,,,,,,,,,
345,162,60,237,,,,,,,,,,,,,,,,,,,,,,,,,,,,,,,,,,,,,,,
346,163,63,186,,,,,,,,,,,,,,,,,,,,,,,,,,,,,,,,,,,,,,,
347,164,65,156,,,,,,,,,,,,,,,,,,,,,,,,,,,,,,,,,,,,,,,
348,165,57,323,,,,,,,,,,,,,,,,,,,,,,,,,,,,,,,,,,,,,,,
349,166,61,288,,,,,,,,,,,,,,,,,,,,,,,,,,,,,,,,,,,,,,,
350,167,59,328,,,,,,,,,,,,,,,,,,,,,,,,,,,,,,,,,,,,,,,
351,168,60,303,,,,,,,,,,,,,,,,,,,,,,,,,,,,,,,,,,,,,,,
352,169,66,351,,,,,,,,,,,,,,,,,,,,,,,,,,,,,,,,,,,,,,,
353,170,61,222,,,,,,,,,,,,,,,,,,,,,,,,,,,,,,,,,,,,,,,
354,171,62,151,,,,,,,,,,,,,,,,,,,,,,,,,,,,,,,,,,,,,,,
355,172,58,227,,,,,,,,,,,,,,,,,,,,,,,,,,,,,,,,,,,,,,,
356,173,59,190,,,,,,,,,,,,,,,,,,,,,,,,,,,,,,,,,,,,,,,
357,174,61,274,,,,,,,,,,,,,,,,,,,,,,,,,,,,,,,,,,,,,,,
358,175,66,272,,,,,,,,,,,,,,,,,,,,,,,,,,,,,,,,,,,,,,,
359,176,59,146,,,,,,,,,,,,,,,,,,,,,,,,,,,,,,,,,,,,,,,
360,177,57,224,,,,,,,,,,,,,,,,,,,,,,,,,,,,,,,,,,,,,,,
361,178,64,279,,,,,,,,,,,,,,,,,,,,,,,,,,,,,,,,,,,,,,,
362,179,62,195,,,,,,,,,,,,,,,,,,,,,,,,,,,,,,,,,,,,,,,
363,180,61,276,,,,,,,,,,,,,,,,,,,,,,,,,,,,,,,,,,,,,,,
364,181,61,271,,,,,,,,,,,,,,,,,,,,,,,,,,,,,,,,,,,,,,,
365,182,61,219,,,,,,,,,,,,,,,,,,,,,,,,,,,,,,,,,,,,,,,
366,183,59,205,,,,,,,,,,,,,,,,,,,,,,,,,,,,,,,,,,,,,,,
367,184,66,194,,,,,,,,,,,,,,,,,,,,,,,,,,,,,,,,,,,,,,,
368,185,58,301,,,,,,,,,,,,,,,,,,,,,,,,,,,,,,,,,,,,,,,
369,186,61,352,,,,,,,,,,,,,,,,,,,,,,,,,,,,,,,,,,,,,,,
370,187,57,169,,,,,,,,,,,,,,,,,,,,,,,,,,,,,,,,,,,,,,,
371,188,59,172,,,,,,,,,,,,,,,,,,,,,,,,,,,,,,,,,,,,,,,
372,189,66,339,,,,,,,,,,,,,,,,,,,,,,,,,,,,,,,,,,,,,,,
373,190,59,242,,,,,,,,,,,,,,,,,,,,,,,,,,,,,,,,,,,,,,,
374,191,64,201,,,,,,,,,,,,,,,,,,,,,,,,,,,,,,,,,,,,,,,
375,192,57,244,,,,,,,,,,,,,,,,,,,,,,,,,,,,,,,,,,,,,,,
376,193,62,239,,,,,,,,,,,,,,,,,,,,,,,,,,,,,,,,,,,,,,,
377,194,63,335,,,,,,,,,,,,,,,,,,,,,,,,,,,,,,,,,,,,,,,
378,195,57,301,,,,,,,,,,,,,,,,,,,,,,,,,,,,,,,,,,,,,,,
379,196,59,288,,,,,,,,,,,,,,,,,,,,,,,,,,,,,,,,,,,,,,,
380,197,62,324,,,,,,,,,,,,,,,,,,,,,,,,,,,,,,,,,,,,,,,
381,198,66,347,,,,,,,,,,,,,,,,,,,,,,,,,,,,,,,,,,,,,,,
382,199,63,309,,,,,,,,,,,,,,,,,,,,,,,,,,,,,,,,,,,,,,,
383,200,58,342,,,,,,,,,,,,,,,,,,,,,,,,,,,,,,,,,,,,,,,
384,201,60,193,,,,,,,,,,,,,,,,,,,,,,,,,,,,,,,,,,,,,,,
385,202,61,189,,,,,,,,,,,,,,,,,,,,,,,,,,,,,,,,,,,,,,,
386,203,58,202,,,,,,,,,,,,,,,,,,,,,,,,,,,,,,,,,,,,,,,
387,204,66,330,,,,,,,,,,,,,,,,,,,,,,,,,,,,,,,,,,,,,,,
388,205,58,283,,,,,,,,,,,,,,,,,,,,,,,,,,,,,,,,,,,,,,,
389,206,63,274,,,,,,,,,,,,,,,,,,,,,,,,,,,,,,,,,,,,,,,
390,207,57,351,,,,,,,,,,,,,,,,,,,,,,,,,,,,,,,,,,,,,,,
391,208,65,177,,,,,,,,,,,,,,,,,,,,,,,,,,,,,,,,,,,,,,,
392,209,62,339,,,,,,,,,,,,,,,,,,,,,,,,,,,,,,,,,,,,,,,
393,210,64,308,,,,,,,,,,,,,,,,,,,,,,,,,,,,,,,,,,,,,,,
394,211,63,350,,,,,,,,,,,,,,,,,,,,,,,,,,,,,,,,,,,,,,,
395,212,58,228,,,,,,,,,,,,,,,,,,,,,,,,,,,,,,,,,,,,,,,
396,213,62,306,,,,,,,,,,,,,,,,,,,,,,,,,,,,,,,,,,,,,,,
397,214,61,192,,,,,,,,,,,,,,,,,,,,,,,,,,,,,,,,,,,,,,,
398,215,58,196,,,,,,,,,,,,,,,,,,,,,,,,,,,,,,,,,,,,,,,
399,216,62,186,,,,,,,,,,,,,,,,,,,,,,,,,,,,,,,,,,,,,,,
400,217,64,199,,,,,,,,,,,,,,,,,,,,,,,,,,,,,,,,,,,,,,,
401,218,58,251,,,,,,,,,,,,,,,,,,,,,,,,,,,,,,,,,,,,,,,
402,219,64,327,,,,,,,,,,,,,,,,,,,,,,,,,,,,,,,,,,,,,,,
403,220,60,210,,,,,,,,,,,,,,,,,,,,,,,,,,,,,,,,,,,,,,,
404,221,62,309,,,,,,,,,,,,,,,,,,,,,,,,,,,,,,,,,,,,,,,
405,222,64,234,,,,,,,,,,,,,,,,,,,,,,,,,,,,,,,,,,,,,,,
406,223,57,267,,,,,,,,,,,,,,,,,,,,,,,,,,,,,,,,,,,,,,,
407,224,63,257,,,,,,,,,,,,,,,,,,,,,,,,,,,,,,,,,,,,,,,
408,225,66,309,,,,,,,,,,,,,,,,,,,,,,,,,,,,,,,,,,,,,,,
409,226,61,286,,,,,,,,,,,,,,,,,,,,,,,,,,,,,,,,,,,,,,,
410,227,57,223,,,,,,,,,,,,,,,,,,,,,,,,,,,,,,,,,,,,,,,
411,228,60,213,,,,,,,,,,,,,,,,,,,,,,,,,,,,,,,,,,,,,,,
412,229,57,161,,,,,,,,,,,,,,,,,,,,,,,,,,,,,,,,,,,,,,,
413,230,63,222,,,,,,,,,,,,,,,,,,,,,,,,,,,,,,,,,,,,,,,
414,231,65,290,,,,,,,,,,,,,,,,,,,,,,,,,,,,,,,,,,,,,,,
415,232,64,335,,,,,,,,,,,,,,,,,,,,,,,,,,,,,,,,,,,,,,,
416,233,58,241,,,,,,,,,,,,,,,,,,,,,,,,,,,,,,,,,,,,,,,
417,234,65,306,,,,,,,,,,,,,,,,,,,,,,,,,,,,,,,,,,,,,,,
418,235,65,226,,,,,,,,,,,,,,,,,,,,,,,,,,,,,,,,,,,,,,,
419,236,60,278,,,,,,,,,,,,,,,,,,,,,,,,,,,,,,,,,,,,,,,
420,237,63,239,,,,,,,,,,,,,,,,,,,,,,,,,,,,,,,,,,,,,,,
421,238,59,313,,,,,,,,,,,,,,,,,,,,,,,,,,,,,,,,,,,,,,,
422,239,59,293,,,,,,,,,,,,,,,,,,,,,,,,,,,,,,,,,,,,,,,
423,240,60,343,,,,,,,,,,,,,,,,,,,,,,,,,,,,,,,,,,,,,,,
424,241,58,338,,,,,,,,,,,,,,,,,,,,,,,,,,,,,,,,,,,,,,,
425,242,59,224,,,,,,,,,,,,,,,,,,,,,,,,,,,,,,,,,,,,,,,
426,243,64,318,,,,,,,,,,,,,,,,,,,,,,,,,,,,,,,,,,,,,,,
427,244,58,229,,,,,,,,,,,,,,,,,,,,,,,,,,,,,,,,,,,,,,,
428,245,66,317,,,,,,,,,,,,,,,,,,,,,,,,,,,,,,,,,,,,,,,
429,246,61,295,,,,,,,,,,,,,,,,,,,,,,,,,,,,,,,,,,,,,,,
430,247,59,345,,,,,,,,,,,,,,,,,,,,,,,,,,,,,,,,,,,,,,,
431,248,62,319,,,,,,,,,,,,,,,,,,,,,,,,,,,,,,,,,,,,,,,
432,249,57,319,,,,,,,,,,,,,,,,,,,,,,,,,,,,,,,,,,,,,,,
433,250,59,277,,,,,,,,,,,,,,,,,,,,,,,,,,,,,,,,,,,,,,,
434,251,64,328,,,,,,,,,,,,,,,,,,,,,,,,,,,,,,,,,,,,,,,
435,252,63,265,,,,,,,,,,,,,,,,,,,,,,,,,,,,,,,,,,,,,,,
436,253,61,315,,,,,,,,,,,,,,,,,,,,,,,,,,,,,,,,,,,,,,,
437,254,57,264,,,,,,,,,,,,,,,,,,,,,,,,,,,,,,,,,,,,,,,
438,255,58,257,,,,,,,,,,,,,,,,,,,,,,,,,,,,,,,,,,,,,,,
439,256,57,223,,,,,,,,,,,,,,,,,,,,,,,,,,,,,,,,,,,,,,,
440,257,64,294,,,,,,,,,,,,,,,,,,,,,,,,,,,,,,,,,,,,,,,
441,258,59,328,,,,,,,,,,,,,,,,,,,,,,,,,,,,,,,,,,,,,,,
442,259,61,217,,,,,,,,,,,,,,,,,,,,,,,,,,,,,,,,,,,,,,,
443,260,58,212,,,,,,,,,,,,,,,,,,,,,,,,,,,,,,,,,,,,,,,
444,261,59,236,,,,,,,,,,,,,,,,,,,,,,,,,,,,,,,,,,,,,,,
445,262,65,148,,,,,,,,,,,,,,,,,,,,,,,,,,,,,,,,,,,,,,,
446,263,66,277,,,,,,,,,,,,,,,,,,,,,,,,,,,,,,,,,,,,,,,
447,264,61,277,,,,,,,,,,,,,,,,,,,,,,,,,,,,,,,,,,,,,,,
448,265,66,231,,,,,,,,,,,,,,,,,,,,,,,,,,,,,,,,,,,,,,,
449,266,64,227,,,,,,,,,,,,,,,,,,,,,,,,,,,,,,,,,,,,,,,
450,267,61,284,,,,,,,,,,,,,,,,,,,,,,,,,,,,,,,,,,,,,,,
451,268,59,194,,,,,,,,,,,,,,,,,,,,,,,,,,,,,,,,,,,,,,,
452,269,59,286,,,,,,,,,,,,,,,,,,,,,,,,,,,,,,,,,,,,,,,
453,270,66,347,,,,,,,,,,,,,,,,,,,,,,,,,,,,,,,,,,,,,,,
454,271,64,270,,,,,,,,,,,,,,,,,,,,,,,,,,,,,,,,,,,,,,,
455,272,59,222,,,,,,,,,,,,,,,,,,,,,,,,,,,,,,,,,,,,,,,
456,273,64,155,,,,,,,,,,,,,,,,,,,,,,,,,,,,,,,,,,,,,,,
457,274,66,248,,,,,,,,,,,,,,,,,,,,,,,,,,,,,,,,,,,,,,,
458,275,64,275,,,,,,,,,,,,,,,,,,,,,,,,,,,,,,,,,,,,,,,
459,276,60,296,,,,,,,,,,,,,,,,,,,,,,,,,,,,,,,,,,,,,,,
460,277,64,344,,,,,,,,,,,,,,,,,,,,,,,,,,,,,,,,,,,,,,,
461,278,60,209,,,,,,,,,,,,,,,,,,,,,,,,,,,,,,,,,,,,,,,
462,279,57,287,,,,,,,,,,,,,,,,,,,,,,,,,,,,,,,,,,,,,,,
463,280,63,311,,,,,,,,,,,,,,,,,,,,,,,,,,,,,,,,,,,,,,,
464,281,60,237,,,,,,,,,,,,,,,,,,,,,,,,,,,,,,,,,,,,,,,
465,282,63,293,,,,,,,,,,,,,,,,,,,,,,,,,,,,,,,,,,,,,,,
466,283,64,291,,,,,,,,,,,,,,,,,,,,,,,,,,,,,,,,,,,,,,,
467,284,66,167,,,,,,,,,,,,,,,,,,,,,,,,,,,,,,,,,,,,,,,
468,285,62,149,,,,,,,,,,,,,,,,,,,,,,,,,,,,,,,,,,,,,,,
469,286,63,302,,,,,,,,,,,,,,,,,,,,,,,,,,,,,,,,,,,,,,,
470,287,61,177,,,,,,,,,,,,,,,,,,,,,,,,,,,,,,,,,,,,,,,
471,288,62,288,,,,,,,,,,,,,,,,,,,,,,,,,,,,,,,,,,,,,,,
472,289,58,248,,,,,,,,,,,,,,,,,,,,,,,,,,,,,,,,,,,,,,,
473,290,59,335,,,,,,,,,,,,,,,,,,,,,,,,,,,,,,,,,,,,,,,
474,291,63,339,,,,,,,,,,,,,,,,,,,,,,,,,,,,,,,,,,,,,,,
475,292,66,213,,,,,,,,,,,,,,,,,,,,,,,,,,,,,,,,,,,,,,,
476,293,57,148,,,,,,,,,,,,,,,,,,,,,,,,,,,,,,,,,,,,,,,
477,294,63,244,,,,,,,,,,,,,,,,,,,,,,,,,,,,,,,,,,,,,,,
478,295,60,331,,,,,,,,,,,,,,,,,,,,,,,,,,,,,,,,,,,,,,,
479,296,59,258,,,,,,,,,,,,,,,,,,,,,,,,,,,,,,,,,,,,,,,
480,297,57,175,,,,,,,,,,,,,,,,,,,,,,,,,,,,,,,,,,,,,,,
481,298,62,210,,,,,,,,,,,,,,,,,,,,,,,,,,,,,,,,,,,,,,,
482,299,66,263,,,,,,,,,,,,,,,,,,,,,,,,,,,,,,,,,,,,,,,
483,300,62,151,,,,,,,,,,,,,,,,,,,,,,,,,,,,,,,,,,,,,,,
484,301,58,321,,,,,,,,,,,,,,,,,,,,,,,,,,,,,,,,,,,,,,,
485,302,66,290,,,,,,,,,,,,,,,,,,,,,,,,,,,,,,,,,,,,,,,
486,303,66,278,,,,,,,,,,,,,,,,,,,,,,,,,,,,,,,,,,,,,,,
487,304,60,263,,,,,,,,,,,,,,,,,,,,,,,,,,,,,,,,,,,,,,,
488,305,60,281,,,,,,,,,,,,,,,,,,,,,,,,,,,,,,,,,,,,,,,
489,306,58,252,,,,,,,,,,,,,,,,,,,,,,,,,,,,,,,,,,,,,,,
490,307,61,290,,,,,,,,,,,,,,,,,,,,,,,,,,,,,,,,,,,,,,,
491,308,58,240,,,,,,,,,,,,,,,,,,,,,,,,,,,,,,,,,,,,,,,
492,309,62,207,,,,,,,,,,,,,,,,,,,,,,,,,,,,,,,,,,,,,,,
493,310,63,308,,,,,,,,,,,,,,,,,,,,,,,,,,,,,,,,,,,,,,,
494,311,57,242,,,,,,,,,,,,,,,,,,,,,,,,,,,,,,,,,,,,,,,
495,312,64,272,,,,,,,,,,,,,,,,,,,,,,,,,,,,,,,,,,,,,,,
496,313,64,168,,,,,,,,,,,,,,,,,,,,,,,,,,,,,,,,,,,,,,,
497,314,63,199,,,,,,,,,,,,,,,,,,,,,,,,,,,,,,,,,,,,,,,
498,315,62,199,,,,,,,,,,,,,,,,,,,,,,,,,,,,,,,,,,,,,,,
499,316,64,268,,,,,,,,,,,,,,,,,,,,,,,,,,,,,,,,,,,,,,,
500,317,66,198,,,,,,,,,,,,,,,,,,,,,,,,,,,,,,,,,,,,,,,
501,318,65,318,,,,,,,,,,,,,,,,,,,,,,,,,,,,,,,,,,,,,,,
502,319,66,192,,,,,,,,,,,,,,,,,,,,,,,,,,,,,,,,,,,,,,,
503,320,60,222,,,,,,,,,,,,,,,,,,,,,,,,,,,,,,,,,,,,,,,
504,321,63,168,,,,,,,,,,,,,,,,,,,,,,,,,,,,,,,,,,,,,,,
505,322,57,284,,,,,,,,,,,,,,,,,,,,,,,,,,,,,,,,,,,,,,,
506,323,64,292,,,,,,,,,,,,,,,,,,,,,,,,,,,,,,,,,,,,,,,
507,324,58,222,,,,,,,,,,,,,,,,,,,,,,,,,,,,,,,,,,,,,,,
508,325,57,172,,,,,,,,,,,,,,,,,,,,,,,,,,,,,,,,,,,,,,,
509,326,64,286,,,,,,,,,,,,,,,,,,,,,,,,,,,,,,,,,,,,,,,
510,327,65,309,,,,,,,,,,,,,,,,,,,,,,,,,,,,,,,,,,,,,,,
511,328,57,277,,,,,,,,,,,,,,,,,,,,,,,,,,,,,,,,,,,,,,,
512,329,57,223,,,,,,,,,,,,,,,,,,,,,,,,,,,,,,,,,,,,,,,
513,330,66,325,,,,,,,,,,,,,,,,,,,,,,,,,,,,,,,,,,,,,,,
514,331,66,159,,,,,,,,,,,,,,,,,,,,,,,,,,,,,,,,,,,,,,,
515,332,66,173,,,,,,,,,,,,,,,,,,,,,,,,,,,,,,,,,,,,,,,
516,333,66,262,,,,,,,,,,,,,,,,,,,,,,,,,,,,,,,,,,,,,,,
517,334,62,177,,,,,,,,,,,,,,,,,,,,,,,,,,,,,,,,,,,,,,,
518,335,65,204,,,,,,,,,,,,,,,,,,,,,,,,,,,,,,,,,,,,,,,
519,336,62,206,,,,,,,,,,,,,,,,,,,,,,,,,,,,,,,,,,,,,,,
520,337,66,213,,,,,,,,,,,,,,,,,,,,,,,,,,,,,,,,,,,,,,,
521,338,57,335,,,,,,,,,,,,,,,,,,,,,,,,,,,,,,,,,,,,,,,
522,339,60,167,,,,,,,,,,,,,,,,,,,,,,,,,,,,,,,,,,,,,,,
523,340,65,163,,,,,,,,,,,,,,,,,,,,,,,,,,,,,,,,,,,,,,,
524,341,66,213,,,,,,,,,,,,,,,,,,,,,,,,,,,,,,,,,,,,,,,
525,342,59,236,,,,,,,,,,,,,,,,,,,,,,,,,,,,,,,,,,,,,,,
526,343,61,152,,,,,,,,,,,,,,,,,,,,,,,,,,,,,,,,,,,,,,,
527,344,64,173,,,,,,,,,,,,,,,,,,,,,,,,,,,,,,,,,,,,,,,
528,345,59,181,,,,,,,,,,,,,,,,,,,,,,,,,,,,,,,,,,,,,,,
529,346,64,265,,,,,,,,,,,,,,,,,,,,,,,,,,,,,,,,,,,,,,,
530,347,60,246,,,,,,,,,,,,,,,,,,,,,,,,,,,,,,,,,,,,,,,
531,348,61,274,,,,,,,,,,,,,,,,,,,,,,,,,,,,,,,,,,,,,,,
532,349,58,342,,,,,,,,,,,,,,,,,,,,,,,,,,,,,,,,,,,,,,,
533,350,64,184,,,,,,,,,,,,,,,,,,,,,,,,,,,,,,,,,,,,,,,
534,351,58,351,,,,,,,,,,,,,,,,,,,,,,,,,,,,,,,,,,,,,,,
535,352,61,298,,,,,,,,,,,,,,,,,,,,,,,,,,,,,,,,,,,,,,,
536,353,63,249,,,,,,,,,,,,,,,,,,,,,,,,,,,,,,,,,,,,,,,
537,354,64,258,,,,,,,,,,,,,,,,,,,,,,,,,,,,,,,,,,,,,,,
538,355,63,163,,,,,,,,,,,,,,,,,,,,,,,,,,,,,,,,,,,,,,,
539,356,59,346,,,,,,,,,,,,,,,,,,,,,,,,,,,,,,,,,,,,,,,
540,357,62,316,,,,,,,,,,,,,,,,,,,,,,,,,,,,,,,,,,,,,,,
541,358,66,275,,,,,,,,,,,,,,,,,,,,,,,,,,,,,,,,,,,,,,,
542,359,65,262,,,,,,,,,,,,,,,,,,,,,,,,,,,,,,,,,,,,,,,
543,360,63,335,,,,,,,,,,,,,,,,,,,,,,,,,,,,,,,,,,,,,,,
544,361,65,240,,,,,,,,,,,,,,,,,,,,,,,,,,,,,,,,,,,,,,,
545,362,65,293,,,,,,,,,,,,,,,,,,,,,,,,,,,,,,,,,,,,,,,
546,363,62,339,,,,,,,,,,,,,,,,,,,,,,,,,,,,,,,,,,,,,,,
547,364,66,241,,,,,,,,,,,,,,,,,,,,,,,,,,,,,,,,,,,,,,,
548,365,66,245,,,,,,,,,,,,,,,,,,,,,,,,,,,,,,,,,,,,,,,
549,366,65,236,,,,,,,,,,,,,,,,,,,,,,,,,,,,,,,,,,,,,,,
550,367,60,286,,,,,,,,,,,,,,,,,,,,,,,,,,,,,,,,,,,,,,,
551,368,66,347,,,,,,,,,,,,,,,,,,,,,,,,,,,,,,,,,,,,,,,
552,369,65,249,,,,,,,,,,,,,,,,,,,,,,,,,,,,,,,,,,,,,,,
553,370,65,345,,,,,,,,,,,,,,,,,,,,,,,,,,,,,,,,,,,,,,,
554,371,59,182,,,,,,,,,,,,,,,,,,,,,,,,,,,,,,,,,,,,,,,
555,372,61,181,,,,,,,,,,,,,,,,,,,,,,,,,,,,,,,,,,,,,,,
556,373,66,310,,,,,,,,,,,,,,,,,,,,,,,,,,,,,,,,,,,,,,,
557,374,57,248,,,,,,,,,,,,,,,,,,,,,,,,,,,,,,,,,,,,,,,
558,375,62,311,,,,,,,,,,,,,,,,,,,,,,,,,,,,,,,,,,,,,,,
559,376,64,259,,,,,,,,,,,,,,,,,,,,,,,,,,,,,,,,,,,,,,,
560,377,59,313,,,,,,,,,,,,,,,,,,,,,,,,,,,,,,,,,,,,,,,
561,378,60,282,,,,,,,,,,,,,,,,,,,,,,,,,,,,,,,,,,,,,,,
562,379,57,304,,,,,,,,,,,,,,,,,,,,,,,,,,,,,,,,,,,,,,,
563,380,59,288,,,,,,,,,,,,,,,,,,,,,,,,,,,,,,,,,,,,,,,
564,381,62,202,,,,,,,,,,,,,,,,,,,,,,,,,,,,,,,,,,,,,,,
565,382,63,189,,,,,,,,,,,,,,,,,,,,,,,,,,,,,,,,,,,,,,,
566,383,59,314,,,,,,,,,,,,,,,,,,,,,,,,,,,,,,,,,,,,,,,
567,384,62,317,,,,,,,,,,,,,,,,,,,,,,,,,,,,,,,,,,,,,,,
568,385,65,337,,,,,,,,,,,,,,,,,,,,,,,,,,,,,,,,,,,,,,,
569,386,64,214,,,,,,,,,,,,,,,,,,,,,,,,,,,,,,,,,,,,,,,
570,387,64,291,,,,,,,,,,,,,,,,,,,,,,,,,,,,,,,,,,,,,,,
571,388,63,284,,,,,,,,,,,,,,,,,,,,,,,,,,,,,,,,,,,,,,,
572,389,57,296,,,,,,,,,,,,,,,,,,,,,,,,,,,,,,,,,,,,,,,
573,390,64,296,,,,,,,,,,,,,,,,,,,,,,,,,,,,,,,,,,,,,,,
574,391,65,244,,,,,,,,,,,,,,,,,,,,,,,,,,,,,,,,,,,,,,,
575,392,65,167,,,,,,,,,,,,,,,,,,,,,,,,,,,,,,,,,,,,,,,
576,393,63,199,,,,,,,,,,,,,,,,,,,,,,,,,,,,,,,,,,,,,,,
577,394,58,264,,,,,,,,,,,,,,,,,,,,,,,,,,,,,,,,,,,,,,,
578,395,60,209,,,,,,,,,,,,,,,,,,,,,,,,,,,,,,,,,,,,,,,
579,396,65,162,,,,,,,,,,,,,,,,,,,,,,,,,,,,,,,,,,,,,,,
580,397,59,173,,,,,,,,,,,,,,,,,,,,,,,,,,,,,,,,,,,,,,,
581,398,61,150,,,,,,,,,,,,,,,,,,,,,,,,,,,,,,,,,,,,,,,
582,399,62,194,,,,,,,,,,,,,,,,,,,,,,,,,,,,,,,,,,,,,,,
583,400,65,168,,,,,,,,,,,,,,,,,,,,,,,,,,,,,,,,,,,,,,,
584,401,59,196,,,,,,,,,,,,,,,,,,,,,,,,,,,,,,,,,,,,,,,
585,402,63,282,,,,,,,,,,,,,,,,,,,,,,,,,,,,,,,,,,,,,,,
586,403,57,240,,,,,,,,,,,,,,,,,,,,,,,,,,,,,,,,,,,,,,,
587,404,65,265,,,,,,,,,,,,,,,,,,,,,,,,,,,,,,,,,,,,,,,
588,405,58,285,,,,,,,,,,,,,,,,,,,,,,,,,,,,,,,,,,,,,,,
589,406,63,222,,,,,,,,,,,,,,,,,,,,,,,,,,,,,,,,,,,,,,,
590,407,66,247,,,,,,,,,,,,,,,,,,,,,,,,,,,,,,,,,,,,,,,
591,408,65,156,,,,,,,,,,,,,,,,,,,,,,,,,,,,,,,,,,,,,,,
592,409,60,256,,,,,,,,,,,,,,,,,,,,,,,,,,,,,,,,,,,,,,,
593,410,62,150,,,,,,,,,,,,,,,,,,,,,,,,,,,,,,,,,,,,,,,
594,411,63,148,,,,,,,,,,,,,,,,,,,,,,,,,,,,,,,,,,,,,,,
595,412,61,260,,,,,,,,,,,,,,,,,,,,,,,,,,,,,,,,,,,,,,,
596,413,57,290,,,,,,,,,,,,,,,,,,,,,,,,,,,,,,,,,,,,,,,
597,414,57,272,,,,,,,,,,,,,,,,,,,,,,,,,,,,,,,,,,,,,,,
598,415,59,269,,,,,,,,,,,,,,,,,,,,,,,,,,,,,,,,,,,,,,,
599,416,58,307,,,,,,,,,,,,,,,,,,,,,,,,,,,,,,,,,,,,,,,
600,417,65,287,,,,,,,,,,,,,,,,,,,,,,,,,,,,,,,,,,,,,,,
601,418,62,274,,,,,,,,,,,,,,,,,,,,,,,,,,,,,,,,,,,,,,,
602,419,65,191,,,,,,,,,,,,,,,,,,,,,,,,,,,,,,,,,,,,,,,
603,420,57,195,,,,,,,,,,,,,,,,,,,,,,,,,,,,,,,,,,,,,,,
604,421,61,266,,,,,,,,,,,,,,,,,,,,,,,,,,,,,,,,,,,,,,,
605,422,60,282,,,,,,,,,,,,,,,,,,,,,,,,,,,,,,,,,,,,,,,
606,423,63,251,,,,,,,,,,,,,,,,,,,,,,,,,,,,,,,,,,,,,,,
607,424,58,309,,,,,,,,,,,,,,,,,,,,,,,,,,,,,,,,,,,,,,,
608,425,60,225,,,,,,,,,,,,,,,,,,,,,,,,,,,,,,,,,,,,,,,
609,426,63,352,,,,,,,,,,,,,,,,,,,,,,,,,,,,,,,,,,,,,,,
610,427,64,326,,,,,,,,,,,,,,,,,,,,,,,,,,,,,,,,,,,,,,,
611,428,61,186,,,,,,,,,,,,,,,,,,,,,,,,,,,,,,,,,,,,,,,
612,429,64,163,,,,,,,,,,,,,,,,,,,,,,,,,,,,,,,,,,,,,,,
613,430,63,211,,,,,,,,,,,,,,,,,,,,,,,,,,,,,,,,,,,,,,,
614,431,61,185,,,,,,,,,,,,,,,,,,,,,,,,,,,,,,,,,,,,,,,
615,432,60,268,,,,,,,,,,,,,,,,,,,,,,,,,,,,,,,,,,,,,,,
616,433,62,324,,,,,,,,,,,,,,,,,,,,,,,,,,,,,,,,,,,,,,,
617,434,62,205,,,,,,,,,,,,,,,,,,,,,,,,,,,,,,,,,,,,,,,
618,435,66,188,,,,,,,,,,,,,,,,,,,,,,,,,,,,,,,,,,,,,,,
619,436,59,182,,,,,,,,,,,,,,,,,,,,,,,,,,,,,,,,,,,,,,,
620,437,61,204,,,,,,,,,,,,,,,,,,,,,,,,,,,,,,,,,,,,,,,
621,438,62,160,,,,,,,,,,,,,,,,,,,,,,,,,,,,,,,,,,,,,,,
622,439,63,318,,,,,,,,,,,,,,,,,,,,,,,,,,,,,,,,,,,,,,,
623,440,65,256,,,,,,,,,,,,,,,,,,,,,,,,,,,,,,,,,,,,,,,
624,441,62,199,,,,,,,,,,,,,,,,,,,,,,,,,,,,,,,,,,,,,,,
625,442,60,329,,,,,,,,,,,,,,,,,,,,,,,,,,,,,,,,,,,,,,,
626,443,66,174,,,,,,,,,,,,,,,,,,,,,,,,,,,,,,,,,,,,,,,
627,444,57,345,,,,,,,,,,,,,,,,,,,,,,,,,,,,,,,,,,,,,,,
628,445,59,212,,,,,,,,,,,,,,,,,,,,,,,,,,,,,,,,,,,,,,,
629,446,65,301,,,,,,,,,,,,,,,,,,,,,,,,,,,,,,,,,,,,,,,
630,447,63,305,,,,,,,,,,,,,,,,,,,,,,,,,,,,,,,,,,,,,,,
631,448,65,200,,,,,,,,,,,,,,,,,,,,,,,,,,,,,,,,,,,,,,,
632,449,59,309,,,,,,,,,,,,,,,,,,,,,,,,,,,,,,,,,,,,,,,
633,450,58,310,,,,,,,,,,,,,,,,,,,,,,,,,,,,,,,,,,,,,,,
634,451,66,315,,,,,,,,,,,,,,,,,,,,,,,,,,,,,,,,,,,,,,,
635,452,65,167,,,,,,,,,,,,,,,,,,,,,,,,,,,,,,,,,,,,,,,
636,453,58,239,,,,,,,,,,,,,,,,,,,,,,,,,,,,,,,,,,,,,,,
637,454,62,235,,,,,,,,,,,,,,,,,,,,,,,,,,,,,,,,,,,,,,,
638,455,60,225,,,,,,,,,,,,,,,,,,,,,,,,,,,,,,,,,,,,,,,
639,456,62,335,,,,,,,,,,,,,,,,,,,,,,,,,,,,,,,,,,,,,,,
640,457,58,162,,,,,,,,,,,,,,,,,,,,,,,,,,,,,,,,,,,,,,,
641,458,64,175,,,,,,,,,,,,,,,,,,,,,,,,,,,,,,,,,,,,,,,
642,459,65,232,,,,,,,,,,,,,,,,,,,,,,,,,,,,,,,,,,,,,,,
643,460,63,229,,,,,,,,,,,,,,,,,,,,,,,,,,,,,,,,,,,,,,,
644,461,64,264,,,,,,,,,,,,,,,,,,,,,,,,,,,,,,,,,,,,,,,
645,462,57,281,,,,,,,,,,,,,,,,,,,,,,,,,,,,,,,,,,,,,,,
646,463,60,241,,,,,,,,,,,,,,,,,,,,,,,,,,,,,,,,,,,,,,,
647,464,62,286,,,,,,,,,,,,,,,,,,,,,,,,,,,,,,,,,,,,,,,
648,465,61,208,,,,,,,,,,,,,,,,,,,,,,,,,,,,,,,,,,,,,,,
649,466,64,321,,,,,,,,,,,,,,,,,,,,,,,,,,,,,,,,,,,,,,,
650,467,64,165,,,,,,,,,,,,,,,,,,,,,,,,,,,,,,,,,,,,,,,
651,468,62,306,,,,,,,,,,,,,,,,,,,,,,,,,,,,,,,,,,,,,,,
652,469,61,187,,,,,,,,,,,,,,,,,,,,,,,,,,,,,,,,,,,,,,,
653,470,64,253,,,,,,,,,,,,,,,,,,,,,,,,,,,,,,,,,,,,,,,
654,471,62,277,,,,,,,,,,,,,,,,,,,,,,,,,,,,,,,,,,,,,,,
655,472,63,320,,,,,,,,,,,,,,,,,,,,,,,,,,,,,,,,,,,,,,,
656,473,64,343,,,,,,,,,,,,,,,,,,,,,,,,,,,,,,,,,,,,,,,
657,474,62,254,,,,,,,,,,,,,,,,,,,,,,,,,,,,,,,,,,,,,,,
658,475,57,288,,,,,,,,,,,,,,,,,,,,,,,,,,,,,,,,,,,,,,,
659,476,60,323,,,,,,,,,,,,,,,,,,,,,,,,,,,,,,,,,,,,,,,
660,477,58,293,,,,,,,,,,,,,,,,,,,,,,,,,,,,,,,,,,,,,,,
661,478,66,229,,,,,,,,,,,,,,,,,,,,,,,,,,,,,,,,,,,,,,,
662,479,64,180,,,,,,,,,,,,,,,,,,,,,,,,,,,,,,,,,,,,,,,
663,480,64,291,,,,,,,,,,,,,,,,,,,,,,,,,,,,,,,,,,,,,,,
664,481,65,326,,,,,,,,,,,,,,,,,,,,,,,,,,,,,,,,,,,,,,,
665,482,66,146,,,,,,,,,,,,,,,,,,,,,,,,,,,,,,,,,,,,,,,
666,483,62,294,,,,,,,,,,,,,,,,,,,,,,,,,,,,,,,,,,,,,,,
667,484,58,166,,,,,,,,,,,,,,,,,,,,,,,,,,,,,,,,,,,,,,,
668,485,62,342,,,,,,,,,,,,,,,,,,,,,,,,,,,,,,,,,,,,,,,
669,486,64,287,,,,,,,,,,,,,,,,,,,,,,,,,,,,,,,,,,,,,,,
670,487,63,167,,,,,,,,,,,,,,,,,,,,,,,,,,,,,,,,,,,,,,,
671,488,65,179,,,,,,,,,,,,,,,,,,,,,,,,,,,,,,,,,,,,,,,
672,489,66,190,,,,,,,,,,,,,,,,,,,,,,,,,,,,,,,,,,,,,,,
673,490,65,223,,,,,,,,,,,,,,,,,,,,,,,,,,,,,,,,,,,,,,,
674,491,66,155,,,,,,,,,,,,,,,,,,,,,,,,,,,,,,,,,,,,,,,
675,492,63,303,,,,,,,,,,,,,,,,,,,,,,,,,,,,,,,,,,,,,,,
676,493,66,339,,,,,,,,,,,,,,,,,,,,,,,,,,,,,,,,,,,,,,,
677,494,63,146,,,,,,,,,,,,,,,,,,,,,,,,,,,,,,,,,,,,,,,
678,495,57,177,,,,,,,,,,,,,,,,,,,,,,,,,,,,,,,,,,,,,,,
679,496,57,203,,,,,,,,,,,,,,,,,,,,,,,,,,,,,,,,,,,,,,,
680,497,61,148,,,,,,,,,,,,,,,,,,,,,,,,,,,,,,,,,,,,,,,
681,498,63,294,,,,,,,,,,,,,,,,,,,,,,,,,,,,,,,,,,,,,,,
682,499,63,281,,,,,,,,,,,,,,,,,,,,,,,,,,,,,,,,,,,,,,,
683,500,59,154,,,,,,,,,,,,,,,,,,,,,,,,,,,,,,,,,,,,,,,
684,501,64,240,,,,,,,,,,,,,,,,,,,,,,,,,,,,,,,,,,,,,,,
685,502,57,165,,,,,,,,,,,,,,,,,,,,,,,,,,,,,,,,,,,,,,,
686,503,66,289,,,,,,,,,,,,,,,,,,,,,,,,,,,,,,,,,,,,,,,
687,504,58,157,,,,,,,,,,,,,,,,,,,,,,,,,,,,,,,,,,,,,,,
688,505,65,319,,,,,,,,,,,,,,,,,,,,,,,,,,,,,,,,,,,,,,,
689,506,61,257,,,,,,,,,,,,,,,,,,,,,,,,,,,,,,,,,,,,,,,
690,507,59,227,,,,,,,,,,,,,,,,,,,,,,,,,,,,,,,,,,,,,,,
691,508,65,318,,,,,,,,,,,,,,,,,,,,,,,,,,,,,,,,,,,,,,,
692,509,59,192,,,,,,,,,,,,,,,,,,,,,,,,,,,,,,,,,,,,,,,
693,510,57,281,,,,,,,,,,,,,,,,,,,,,,,,,,,,,,,,,,,,,,,
694,511,57,186,,,,,,,,,,,,,,,,,,,,,,,,,,,,,,,,,,,,,,,
695,512,57,223,,,,,,,,,,,,,,,,,,,,,,,,,,,,,,,,,,,,,,,
696,513,66,234,,,,,,,,,,,,,,,,,,,,,,,,,,,,,,,,,,,,,,,
697,514,59,287,,,,,,,,,,,,,,,,,,,,,,,,,,,,,,,,,,,,,,,
698,515,61,167,,,,,,,,,,,,,,,,,,,,,,,,,,,,,,,,,,,,,,,
699,516,62,199,,,,,,,,,,,,,,,,,,,,,,,,,,,,,,,,,,,,,,,
700,517,66,322,,,,,,,,,,,,,,,,,,,,,,,,,,,,,,,,,,,,,,,
701,518,63,238,,,,,,,,,,,,,,,,,,,,,,,,,,,,,,,,,,,,,,,
702,519,57,258,,,,,,,,,,,,,,,,,,,,,,,,,,,,,,,,,,,,,,,
703,520,64,193,,,,,,,,,,,,,,,,,,,,,,,,,,,,,,,,,,,,,,,
704,521,64,275,,,,,,,,,,,,,,,,,,,,,,,,,,,,,,,,,,,,,,,
705,522,58,199,,,,,,,,,,,,,,,,,,,,,,,,,,,,,,,,,,,,,,,
706,523,63,245,,,,,,,,,,,,,,,,,,,,,,,,,,,,,,,,,,,,,,,
707,524,57,153,,,,,,,,,,,,,,,,,,,,,,,,,,,,,,,,,,,,,,,
708,525,59,313,,,,,,,,,,,,,,,,,,,,,,,,,,,,,,,,,,,,,,,
709,526,61,234,,,,,,,,,,,,,,,,,,,,,,,,,,,,,,,,,,,,,,,
710,527,62,269,,,,,,,,,,,,,,,,,,,,,,,,,,,,,,,,,,,,,,,
711,528,57,261,,,,,,,,,,,,,,,,,,,,,,,,,,,,,,,,,,,,,,,
712,529,61,275,,,,,,,,,,,,,,,,,,,,,,,,,,,,,,,,,,,,,,,
713,530,58,261,,,,,,,,,,,,,,,,,,,,,,,,,,,,,,,,,,,,,,,
714,531,61,243,,,,,,,,,,,,,,,,,,,,,,,,,,,,,,,,,,,,,,,
715,532,62,309,,,,,,,,,,,,,,,,,,,,,,,,,,,,,,,,,,,,,,,
716,533,60,193,,,,,,,,,,,,,,,,,,,,,,,,,,,,,,,,,,,,,,,
717,534,62,232,,,,,,,,,,,,,,,,,,,,,,,,,,,,,,,,,,,,,,,
718,535,64,219,,,,,,,,,,,,,,,,,,,,,,,,,,,,,,,,,,,,,,,
719,536,64,289,,,,,,,,,,,,,,,,,,,,,,,,,,,,,,,,,,,,,,,
720,537,61,320,,,,,,,,,,,,,,,,,,,,,,,,,,,,,,,,,,,,,,,
721,538,65,231,,,,,,,,,,,,,,,,,,,,,,,,,,,,,,,,,,,,,,,
722,539,57,300,,,,,,,,,,,,,,,,,,,,,,,,,,,,,,,,,,,,,,,
723,540,64,239,,,,,,,,,,,,,,,,,,,,,,,,,,,,,,,,,,,,,,,
724,541,61,191,,,,,,,,,,,,,,,,,,,,,,,,,,,,,,,,,,,,,,,
725,542,61,282,,,,,,,,,,,,,,,,,,,,,,,,,,,,,,,,,,,,,,,
726,543,63,164,,,,,,,,,,,,,,,,,,,,,,,,,,,,,,,,,,,,,,,
727,544,63,221,,,,,,,,,,,,,,,,,,,,,,,,,,,,,,,,,,,,,,,
728,545,65,158,,,,,,,,,,,,,,,,,,,,,,,,,,,,,,,,,,,,,,,
729,546,66,232,,,,,,,,,,,,,,,,,,,,,,,,,,,,,,,,,,,,,,,
730,547,60,190,,,,,,,,,,,,,,,,,,,,,,,,,,,,,,,,,,,,,,,
731,548,64,208,,,,,,,,,,,,,,,,,,,,,,,,,,,,,,,,,,,,,,,
732,549,57,211,,,,,,,,,,,,,,,,,,,,,,,,,,,,,,,,,,,,,,,
733,550,66,234,,,,,,,,,,,,,,,,,,,,,,,,,,,,,,,,,,,,,,,
734,551,66,267,,,,,,,,,,,,,,,,,,,,,,,,,,,,,,,,,,,,,,,
735,552,59,323,,,,,,,,,,,,,,,,,,,,,,,,,,,,,,,,,,,,,,,
736,553,57,308,,,,,,,,,,,,,,,,,,,,,,,,,,,,,,,,,,,,,,,
737,554,66,298,,,,,,,,,,,,,,,,,,,,,,,,,,,,,,,,,,,,,,,
738,555,64,269,,,,,,,,,,,,,,,,,,,,,,,,,,,,,,,,,,,,,,,
739,556,61,292,,,,,,,,,,,,,,,,,,,,,,,,,,,,,,,,,,,,,,,
740,557,66,292,,,,,,,,,,,,,,,,,,,,,,,,,,,,,,,,,,,,,,,
741,558,58,192,,,,,,,,,,,,,,,,,,,,,,,,,,,,,,,,,,,,,,,
742,559,57,339,,,,,,,,,,,,,,,,,,,,,,,,,,,,,,,,,,,,,,,
743,560,58,194,,,,,,,,,,,,,,,,,,,,,,,,,,,,,,,,,,,,,,,
744,561,62,189,,,,,,,,,,,,,,,,,,,,,,,,,,,,,,,,,,,,,,,
745,562,62,293,,,,,,,,,,,,,,,,,,,,,,,,,,,,,,,,,,,,,,,
746,563,60,222,,,,,,,,,,,,,,,,,,,,,,,,,,,,,,,,,,,,,,,
747,564,60,193,,,,,,,,,,,,,,,,,,,,,,,,,,,,,,,,,,,,,,,
748,565,57,264,,,,,,,,,,,,,,,,,,,,,,,,,,,,,,,,,,,,,,,
749,566,60,305,,,,,,,,,,,,,,,,,,,,,,,,,,,,,,,,,,,,,,,
750,567,65,205,,,,,,,,,,,,,,,,,,,,,,,,,,,,,,,,,,,,,,,
751,568,62,318,,,,,,,,,,,,,,,,,,,,,,,,,,,,,,,,,,,,,,,
752,569,66,273,,,,,,,,,,,,,,,,,,,,,,,,,,,,,,,,,,,,,,,
753,570,63,319,,,,,,,,,,,,,,,,,,,,,,,,,,,,,,,,,,,,,,,
754,571,58,341,,,,,,,,,,,,,,,,,,,,,,,,,,,,,,,,,,,,,,,
755,572,63,198,,,,,,,,,,,,,,,,,,,,,,,,,,,,,,,,,,,,,,,
756,573,62,204,,,,,,,,,,,,,,,,,,,,,,,,,,,,,,,,,,,,,,,
757,574,62,284,,,,,,,,,,,,,,,,,,,,,,,,,,,,,,,,,,,,,,,
758,575,57,262,,,,,,,,,,,,,,,,,,,,,,,,,,,,,,,,,,,,,,,
759,576,60,165,,,,,,,,,,,,,,,,,,,,,,,,,,,,,,,,,,,,,,,
760,577,58,291,,,,,,,,,,,,,,,,,,,,,,,,,,,,,,,,,,,,,,,
761,578,65,289,,,,,,,,,,,,,,,,,,,,,,,,,,,,,,,,,,,,,,,
762,579,57,259,,,,,,,,,,,,,,,,,,,,,,,,,,,,,,,,,,,,,,,
763,580,61,280,,,,,,,,,,,,,,,,,,,,,,,,,,,,,,,,,,,,,,,
764,581,61,300,,,,,,,,,,,,,,,,,,,,,,,,,,,,,,,,,,,,,,,
765,582,63,176,,,,,,,,,,,,,,,,,,,,,,,,,,,,,,,,,,,,,,,
766,583,59,291,,,,,,,,,,,,,,,,,,,,,,,,,,,,,,,,,,,,,,,
767,584,65,275,,,,,,,,,,,,,,,,,,,,,,,,,,,,,,,,,,,,,,,
768,585,58,209,,,,,,,,,,,,,,,,,,,,,,,,,,,,,,,,,,,,,,,
769,586,59,225,,,,,,,,,,,,,,,,,,,,,,,,,,,,,,,,,,,,,,,
770,587,59,214,,,,,,,,,,,,,,,,,,,,,,,,,,,,,,,,,,,,,,,
771,588,58,272,,,,,,,,,,,,,,,,,,,,,,,,,,,,,,,,,,,,,,,
772,589,62,212,,,,,,,,,,,,,,,,,,,,,,,,,,,,,,,,,,,,,,,
773,590,58,162,,,,,,,,,,,,,,,,,,,,,,,,,,,,,,,,,,,,,,,
774,591,65,278,,,,,,,,,,,,,,,,,,,,,,,,,,,,,,,,,,,,,,,
775,592,58,248,,,,,,,,,,,,,,,,,,,,,,,,,,,,,,,,,,,,,,,
776,593,59,204,,,,,,,,,,,,,,,,,,,,,,,,,,,,,,,,,,,,,,,
777,594,63,168,,,,,,,,,,,,,,,,,,,,,,,,,,,,,,,,,,,,,,,
778,595,61,322,,,,,,,,,,,,,,,,,,,,,,,,,,,,,,,,,,,,,,,
779,596,65,230,,,,,,,,,,,,,,,,,,,,,,,,,,,,,,,,,,,,,,,
780,597,58,349,,,,,,,,,,,,,,,,,,,,,,,,,,,,,,,,,,,,,,,
781,598,60,221,,,,,,,,,,,,,,,,,,,,,,,,,,,,,,,,,,,,,,,
782,599,59,249,,,,,,,,,,,,,,,,,,,,,,,,,,,,,,,,,,,,,,,
783,600,57,328,,,,,,,,,,,,,,,,,,,,,,,,,,,,,,,,,,,,,,,
784,601,60,328,,,,,,,,,,,,,,,,,,,,,,,,,,,,,,,,,,,,,,,
785,602,62,306,,,,,,,,,,,,,,,,,,,,,,,,,,,,,,,,,,,,,,,
786,603,59,335,,,,,,,,,,,,,,,,,,,,,,,,,,,,,,,,,,,,,,,
787,604,64,315,,,,,,,,,,,,,,,,,,,,,,,,,,,,,,,,,,,,,,,
788,605,62,200,,,,,,,,,,,,,,,,,,,,,,,,,,,,,,,,,,,,,,,
789,606,58,290,,,,,,,,,,,,,,,,,,,,,,,,,,,,,,,,,,,,,,,
790,607,61,232,,,,,,,,,,,,,,,,,,,,,,,,,,,,,,,,,,,,,,,
791,608,64,318,,,,,,,,,,,,,,,,,,,,,,,,,,,,,,,,,,,,,,,
792,609,62,184,,,,,,,,,,,,,,,,,,,,,,,,,,,,,,,,,,,,,,,
793,610,65,338,,,,,,,,,,,,,,,,,,,,,,,,,,,,,,,,,,,,,,,
794,611,57,308,,,,,,,,,,,,,,,,,,,,,,,,,,,,,,,,,,,,,,,
795,612,59,210,,,,,,,,,,,,,,,,,,,,,,,,,,,,,,,,,,,,,,,
796,613,61,323,,,,,,,,,,,,,,,,,,,,,,,,,,,,,,,,,,,,,,,
797,614,59,211,,,,,,,,,,,,,,,,,,,,,,,,,,,,,,,,,,,,,,,
798,615,66,303,,,,,,,,,,,,,,,,,,,,,,,,,,,,,,,,,,,,,,,
799,616,60,159,,,,,,,,,,,,,,,,,,,,,,,,,,,,,,,,,,,,,,,
800,617,59,196,,,,,,,,,,,,,,,,,,,,,,,,,,,,,,,,,,,,,,,
801,618,63,348,,,,,,,,,,,,,,,,,,,,,,,,,,,,,,,,,,,,,,,
802,619,58,223,,,,,,,,,,,,,,,,,,,,,,,,,,,,,,,,,,,,,,,
803,620,58,219,,,,,,,,,,,,,,,,,,,,,,,,,,,,,,,,,,,,,,,
804,621,61,311,,,,,,,,,,,,,,,,,,,,,,,,,,,,,,,,,,,,,,,
805,622,62,177,,,,,,,,,,,,,,,,,,,,,,,,,,,,,,,,,,,,,,,
806,623,64,170,,,,,,,,,,,,,,,,,,,,,,,,,,,,,,,,,,,,,,,
807,624,66,291,,,,,,,,,,,,,,,,,,,,,,,,,,,,,,,,,,,,,,,
808,625,58,256,,,,,,,,,,,,,,,,,,,,,,,,,,,,,,,,,,,,,,,
809,626,64,161,,,,,,,,,,,,,,,,,,,,,,,,,,,,,,,,,,,,,,,
810,627,63,167,,,,,,,,,,,,,,,,,,,,,,,,,,,,,,,,,,,,,,,
811,628,64,270,,,,,,,,,,,,,,,,,,,,,,,,,,,,,,,,,,,,,,,
812,629,63,186,,,,,,,,,,,,,,,,,,,,,,,,,,,,,,,,,,,,,,,
813,630,59,236,,,,,,,,,,,,,,,,,,,,,,,,,,,,,,,,,,,,,,,
814,631,63,245,,,,,,,,,,,,,,,,,,,,,,,,,,,,,,,,,,,,,,,
815,632,65,315,,,,,,,,,,,,,,,,,,,,,,,,,,,,,,,,,,,,,,,
816,633,66,159,,,,,,,,,,,,,,,,,,,,,,,,,,,,,,,,,,,,,,,
817,634,61,183,,,,,,,,,,,,,,,,,,,,,,,,,,,,,,,,,,,,,,,
818,635,64,313,,,,,,,,,,,,,,,,,,,,,,,,,,,,,,,,,,,,,,,
819,636,63,191,,,,,,,,,,,,,,,,,,,,,,,,,,,,,,,,,,,,,,,
820,637,66,253,,,,,,,,,,,,,,,,,,,,,,,,,,,,,,,,,,,,,,,
821,638,61,205,,,,,,,,,,,,,,,,,,,,,,,,,,,,,,,,,,,,,,,
822,639,59,158,,,,,,,,,,,,,,,,,,,,,,,,,,,,,,,,,,,,,,,
823,640,62,222,,,,,,,,,,,,,,,,,,,,,,,,,,,,,,,,,,,,,,,
824,641,65,261,,,,,,,,,,,,,,,,,,,,,,,,,,,,,,,,,,,,,,,
825,642,58,234,,,,,,,,,,,,,,,,,,,,,,,,,,,,,,,,,,,,,,,
826,643,66,202,,,,,,,,,,,,,,,,,,,,,,,,,,,,,,,,,,,,,,,
827,644,61,182,,,,,,,,,,,,,,,,,,,,,,,,,,,,,,,,,,,,,,,
828,645,61,164,,,,,,,,,,,,,,,,,,,,,,,,,,,,,,,,,,,,,,,
829,646,60,340,,,,,,,,,,,,,,,,,,,,,,,,,,,,,,,,,,,,,,,
830,647,57,302,,,,,,,,,,,,,,,,,,,,,,,,,,,,,,,,,,,,,,,
831,648,64,147,,,,,,,,,,,,,,,,,,,,,,,,,,,,,,,,,,,,,,,
832,649,66,294,,,,,,,,,,,,,,,,,,,,,,,,,,,,,,,,,,,,,,,
833,650,59,281,,,,,,,,,,,,,,,,,,,,,,,,,,,,,,,,,,,,,,,
834,651,64,313,,,,,,,,,,,,,,,,,,,,,,,,,,,,,,,,,,,,,,,
835,652,66,225,,,,,,,,,,,,,,,,,,,,,,,,,,,,,,,,,,,,,,,
836,653,65,259,,,,,,,,,,,,,,,,,,,,,,,,,,,,,,,,,,,,,,,
837,654,57,168,,,,,,,,,,,,,,,,,,,,,,,,,,,,,,,,,,,,,,,
838,655,63,252,,,,,,,,,,,,,,,,,,,,,,,,,,,,,,,,,,,,,,,
839,656,60,272,,,,,,,,,,,,,,,,,,,,,,,,,,,,,,,,,,,,,,,
840,657,63,335,,,,,,,,,,,,,,,,,,,,,,,,,,,,,,,,,,,,,,,
841,658,62,165,,,,,,,,,,,,,,,,,,,,,,,,,,,,,,,,,,,,,,,
842,659,60,234,,,,,,,,,,,,,,,,,,,,,,,,,,,,,,,,,,,,,,,
843,660,65,278,,,,,,,,,,,,,,,,,,,,,,,,,,,,,,,,,,,,,,,
844,661,63,194,,,,,,,,,,,,,,,,,,,,,,,,,,,,,,,,,,,,,,,
845,662,64,277,,,,,,,,,,,,,,,,,,,,,,,,,,,,,,,,,,,,,,,
846,663,62,302,,,,,,,,,,,,,,,,,,,,,,,,,,,,,,,,,,,,,,,
847,664,58,194,,,,,,,,,,,,,,,,,,,,,,,,,,,,,,,,,,,,,,,
848,665,65,236,,,,,,,,,,,,,,,,,,,,,,,,,,,,,,,,,,,,,,,
849,666,60,257,,,,,,,,,,,,,,,,,,,,,,,,,,,,,,,,,,,,,,,
850,667,65,340,,,,,,,,,,,,,,,,,,,,,,,,,,,,,,,,,,,,,,,
851,668,63,158,,,,,,,,,,,,,,,,,,,,,,,,,,,,,,,,,,,,,,,
852,669,62,298,,,,,,,,,,,,,,,,,,,,,,,,,,,,,,,,,,,,,,,
853,670,62,238,,,,,,,,,,,,,,,,,,,,,,,,,,,,,,,,,,,,,,,
854,671,58,214,,,,,,,,,,,,,,,,,,,,,,,,,,,,,,,,,,,,,,,
855,672,62,338,,,,,,,,,,,,,,,,,,,,,,,,,,,,,,,,,,,,,,,
856,673,64,290,,,,,,,,,,,,,,,,,,,,,,,,,,,,,,,,,,,,,,,
857,674,60,182,,,,,,,,,,,,,,,,,,,,,,,,,,,,,,,,,,,,,,,
858,675,58,272,,,,,,,,,,,,,,,,,,,,,,,,,,,,,,,,,,,,,,,
859,676,63,251,,,,,,,,,,,,,,,,,,,,,,,,,,,,,,,,,,,,,,,
860,677,65,268,,,,,,,,,,,,,,,,,,,,,,,,,,,,,,,,,,,,,,,
861,678,57,242,,,,,,,,,,,,,,,,,,,,,,,,,,,,,,,,,,,,,,,
862,679,57,216,,,,,,,,,,,,,,,,,,,,,,,,,,,,,,,,,,,,,,,
863,680,65,162,,,,,,,,,,,,,,,,,,,,,,,,,,,,,,,,,,,,,,,
864,681,61,322,,,,,,,,,,,,,,,,,,,,,,,,,,,,,,,,,,,,,,,
865,682,59,192,,,,,,,,,,,,,,,,,,,,,,,,,,,,,,,,,,,,,,,
866,683,58,313,,,,,,,,,,,,,,,,,,,,,,,,,,,,,,,,,,,,,,,
867,684,64,282,,,,,,,,,,,,,,,,,,,,,,,,,,,,,,,,,,,,,,,
868,685,59,252,,,,,,,,,,,,,,,,,,,,,,,,,,,,,,,,,,,,,,,
869,686,62,274,,,,,,,,,,,,,,,,,,,,,,,,,,,,,,,,,,,,,,,
870,687,65,224,,,,,,,,,,,,,,,,,,,,,,,,,,,,,,,,,,,,,,,
871,688,61,208,,,,,,,,,,,,,,,,,,,,,,,,,,,,,,,,,,,,,,,
872,689,64,313,,,,,,,,,,,,,,,,,,,,,,,,,,,,,,,,,,,,,,,
873,690,65,312,,,,,,,,,,,,,,,,,,,,,,,,,,,,,,,,,,,,,,,
874,691,61,343,,,,,,,,,,,,,,,,,,,,,,,,,,,,,,,,,,,,,,,
875,692,57,188,,,,,,,,,,,,,,,,,,,,,,,,,,,,,,,,,,,,,,,
876,693,64,318,,,,,,,,,,,,,,,,,,,,,,,,,,,,,,,,,,,,,,,
877,694,63,193,,,,,,,,,,,,,,,,,,,,,,,,,,,,,,,,,,,,,,,
878,695,66,187,,,,,,,,,,,,,,,,,,,,,,,,,,,,,,,,,,,,,,,
879,696,66,195,,,,,,,,,,,,,,,,,,,,,,,,,,,,,,,,,,,,,,,
880,697,65,251,,,,,,,,,,,,,,,,,,,,,,,,,,,,,,,,,,,,,,,
881,698,57,214,,,,,,,,,,,,,,,,,,,,,,,,,,,,,,,,,,,,,,,
882,699,57,207,,,,,,,,,,,,,,,,,,,,,,,,,,,,,,,,,,,,,,,
883,700,64,338,,,,,,,,,,,,,,,,,,,,,,,,,,,,,,,,,,,,,,,
884,701,66,287,,,,,,,,,,,,,,,,,,,,,,,,,,,,,,,,,,,,,,,
885,702,66,285,,,,,,,,,,,,,,,,,,,,,,,,,,,,,,,,,,,,,,,
886,703,57,151,,,,,,,,,,,,,,,,,,,,,,,,,,,,,,,,,,,,,,,
887,704,63,251,,,,,,,,,,,,,,,,,,,,,,,,,,,,,,,,,,,,,,,
888,705,58,295,,,,,,,,,,,,,,,,,,,,,,,,,,,,,,,,,,,,,,,
889,706,64,200,,,,,,,,,,,,,,,,,,,,,,,,,,,,,,,,,,,,,,,
890,707,61,161,,,,,,,,,,,,,,,,,,,,,,,,,,,,,,,,,,,,,,,
891,708,63,241,,,,,,,,,,,,,,,,,,,,,,,,,,,,,,,,,,,,,,,
892,709,65,163,,,,,,,,,,,,,,,,,,,,,,,,,,,,,,,,,,,,,,,
893,710,61,215,,,,,,,,,,,,,,,,,,,,,,,,,,,,,,,,,,,,,,,
894,711,58,261,,,,,,,,,,,,,,,,,,,,,,,,,,,,,,,,,,,,,,,
895,712,64,155,,,,,,,,,,,,,,,,,,,,,,,,,,,,,,,,,,,,,,,
896,713,62,202,,,,,,,,,,,,,,,,,,,,,,,,,,,,,,,,,,,,,,,
897,714,64,214,,,,,,,,,,,,,,,,,,,,,,,,,,,,,,,,,,,,,,,
898,715,60,171,,,,,,,,,,,,,,,,,,,,,,,,,,,,,,,,,,,,,,,
899,716,59,233,,,,,,,,,,,,,,,,,,,,,,,,,,,,,,,,,,,,,,,
900,717,57,345,,,,,,,,,,,,,,,,,,,,,,,,,,,,,,,,,,,,,,,
901,718,65,297,,,,,,,,,,,,,,,,,,,,,,,,,,,,,,,,,,,,,,,
902,719,57,223,,,,,,,,,,,,,,,,,,,,,,,,,,,,,,,,,,,,,,,
903,720,58,304,,,,,,,,,,,,,,,,,,,,,,,,,,,,,,,,,,,,,,,
904,721,58,173,,,,,,,,,,,,,,,,,,,,,,,,,,,,,,,,,,,,,,,
905,722,57,187,,,,,,,,,,,,,,,,,,,,,,,,,,,,,,,,,,,,,,,
906,723,61,295,,,,,,,,,,,,,,,,,,,,,,,,,,,,,,,,,,,,,,,
907,724,64,307,,,,,,,,,,,,,,,,,,,,,,,,,,,,,,,,,,,,,,,
908,725,65,262,,,,,,,,,,,,,,,,,,,,,,,,,,,,,,,,,,,,,,,
909,726,62,342,,,,,,,,,,,,,,,,,,,,,,,,,,,,,,,,,,,,,,,
910,727,65,234,,,,,,,,,,,,,,,,,,,,,,,,,,,,,,,,,,,,,,,
911,728,64,219,,,,,,,,,,,,,,,,,,,,,,,,,,,,,,,,,,,,,,,
912,729,66,328,,,,,,,,,,,,,,,,,,,,,,,,,,,,,,,,,,,,,,,
913,730,58,316,,,,,,,,,,,,,,,,,,,,,,,,,,,,,,,,,,,,,,,
914,731,59,216,,,,,,,,,,,,,,,,,,,,,,,,,,,,,,,,,,,,,,,
915,732,58,149,,,,,,,,,,,,,,,,,,,,,,,,,,,,,,,,,,,,,,,
916,733,61,213,,,,,,,,,,,,,,,,,,,,,,,,,,,,,,,,,,,,,,,
917,734,59,245,,,,,,,,,,,,,,,,,,,,,,,,,,,,,,,,,,,,,,,
918,735,58,339,,,,,,,,,,,,,,,,,,,,,,,,,,,,,,,,,,,,,,,
919,736,61,235,,,,,,,,,,,,,,,,,,,,,,,,,,,,,,,,,,,,,,,
920,737,66,284,,,,,,,,,,,,,,,,,,,,,,,,,,,,,,,,,,,,,,,
921,738,58,151,,,,,,,,,,,,,,,,,,,,,,,,,,,,,,,,,,,,,,,
922,739,61,257,,,,,,,,,,,,,,,,,,,,,,,,,,,,,,,,,,,,,,,
923,740,62,312,,,,,,,,,,,,,,,,,,,,,,,,,,,,,,,,,,,,,,,
924,741,61,350,,,,,,,,,,,,,,,,,,,,,,,,,,,,,,,,,,,,,,,
925,742,61,309,,,,,,,,,,,,,,,,,,,,,,,,,,,,,,,,,,,,,,,
926,743,62,210,,,,,,,,,,,,,,,,,,,,,,,,,,,,,,,,,,,,,,,
927,744,62,274,,,,,,,,,,,,,,,,,,,,,,,,,,,,,,,,,,,,,,,
928,745,58,258,,,,,,,,,,,,,,,,,,,,,,,,,,,,,,,,,,,,,,,
929,746,64,175,,,,,,,,,,,,,,,,,,,,,,,,,,,,,,,,,,,,,,,
930,747,59,204,,,,,,,,,,,,,,,,,,,,,,,,,,,,,,,,,,,,,,,
931,748,62,315,,,,,,,,,,,,,,,,,,,,,,,,,,,,,,,,,,,,,,,
932,749,66,161,,,,,,,,,,,,,,,,,,,,,,,,,,,,,,,,,,,,,,,
933,750,64,172,,,,,,,,,,,,,,,,,,,,,,,,,,,,,,,,,,,,,,,
934,751,62,210,,,,,,,,,,,,,,,,,,,,,,,,,,,,,,,,,,,,,,,
935,752,62,334,,,,,,,,,,,,,,,,,,,,,,,,,,,,,,,,,,,,,,,
936,753,58,164,,,,,,,,,,,,,,,,,,,,,,,,,,,,,,,,,,,,,,,
937,754,66,186,,,,,,,,,,,,,,,,,,,,,,,,,,,,,,,,,,,,,,,
938,755,59,299,,,,,,,,,,,,,,,,,,,,,,,,,,,,,,,,,,,,,,,
939,756,65,229,,,,,,,,,,,,,,,,,,,,,,,,,,,,,,,,,,,,,,,
940,757,59,216,,,,,,,,,,,,,,,,,,,,,,,,,,,,,,,,,,,,,,,
941,758,60,201,,,,,,,,,,,,,,,,,,,,,,,,,,,,,,,,,,,,,,,
942,759,65,222,,,,,,,,,,,,,,,,,,,,,,,,,,,,,,,,,,,,,,,
943,760,61,175,,,,,,,,,,,,,,,,,,,,,,,,,,,,,,,,,,,,,,,
944,761,64,268,,,,,,,,,,,,,,,,,,,,,,,,,,,,,,,,,,,,,,,
945,762,59,278,,,,,,,,,,,,,,,,,,,,,,,,,,,,,,,,,,,,,,,
946,763,58,206,,,,,,,,,,,,,,,,,,,,,,,,,,,,,,,,,,,,,,,
947,764,59,290,,,,,,,,,,,,,,,,,,,,,,,,,,,,,,,,,,,,,,,
948,765,58,218,,,,,,,,,,,,,,,,,,,,,,,,,,,,,,,,,,,,,,,
949,766,57,226,,,,,,,,,,,,,,,,,,,,,,,,,,,,,,,,,,,,,,,
950,767,64,242,,,,,,,,,,,,,,,,,,,,,,,,,,,,,,,,,,,,,,,
951,768,59,181,,,,,,,,,,,,,,,,,,,,,,,,,,,,,,,,,,,,,,,
952,769,60,264,,,,,,,,,,,,,,,,,,,,,,,,,,,,,,,,,,,,,,,
953,770,63,250,,,,,,,,,,,,,,,,,,,,,,,,,,,,,,,,,,,,,,,
954,771,60,221,,,,,,,,,,,,,,,,,,,,,,,,,,,,,,,,,,,,,,,
955,772,60,240,,,,,,,,,,,,,,,,,,,,,,,,,,,,,,,,,,,,,,,
956,773,63,225,,,,,,,,,,,,,,,,,,,,,,,,,,,,,,,,,,,,,,,
957,774,65,329,,,,,,,,,,,,,,,,,,,,,,,,,,,,,,,,,,,,,,,
958,775,66,195,,,,,,,,,,,,,,,,,,,,,,,,,,,,,,,,,,,,,,,
959,776,66,271,,,,,,,,,,,,,,,,,,,,,,,,,,,,,,,,,,,,,,,
960,777,63,270,,,,,,,,,,,,,,,,,,,,,,,,,,,,,,,,,,,,,,,
961,778,60,335,,,,,,,,,,,,,,,,,,,,,,,,,,,,,,,,,,,,,,,
962,779,57,344,,,,,,,,,,,,,,,,,,,,,,,,,,,,,,,,,,,,,,,
963,780,64,319,,,,,,,,,,,,,,,,,,,,,,,,,,,,,,,,,,,,,,,
964,781,65,202,,,,,,,,,,,,,,,,,,,,,,,,,,,,,,,,,,,,,,,
965,782,57,332,,,,,,,,,,,,,,,,,,,,,,,,,,,,,,,,,,,,,,,
966,783,63,249,,,,,,,,,,,,,,,,,,,,,,,,,,,,,,,,,,,,,,,
967,784,63,316,,,,,,,,,,,,,,,,,,,,,,,,,,,,,,,,,,,,,,,
968,785,57,181,,,,,,,,,,,,,,,,,,,,,,,,,,,,,,,,,,,,,,,
969,786,65,204,,,,,,,,,,,,,,,,,,,,,,,,,,,,,,,,,,,,,,,
970,787,64,335,,,,,,,,,,,,,,,,,,,,,,,,,,,,,,,,,,,,,,,
971,788,65,228,,,,,,,,,,,,,,,,,,,,,,,,,,,,,,,,,,,,,,,
972,789,59,316,,,,,,,,,,,,,,,,,,,,,,,,,,,,,,,,,,,,,,,
973,790,66,302,,,,,,,,,,,,,,,,,,,,,,,,,,,,,,,,,,,,,,,
974,791,61,211,,,,,,,,,,,,,,,,,,,,,,,,,,,,,,,,,,,,,,,
975,792,64,336,,,,,,,,,,,,,,,,,,,,,,,,,,,,,,,,,,,,,,,
976,793,60,238,,,,,,,,,,,,,,,,,,,,,,,,,,,,,,,,,,,,,,,
977,794,64,185,,,,,,,,,,,,,,,,,,,,,,,,,,,,,,,,,,,,,,,
978,795,58,224,,,,,,,,,,,,,,,,,,,,,,,,,,,,,,,,,,,,,,,
979,796,58,235,,,,,,,,,,,,,,,,,,,,,,,,,,,,,,,,,,,,,,,
980,797,65,316,,,,,,,,,,,,,,,,,,,,,,,,,,,,,,,,,,,,,,,
981,798,63,159,,,,,,,,,,,,,,,,,,,,,,,,,,,,,,,,,,,,,,,
982,799,60,242,,,,,,,,,,,,,,,,,,,,,,,,,,,,,,,,,,,,,,,
983,800,64,177,,,,,,,,,,,,,,,,,,,,,,,,,,,,,,,,,,,,,,,
984,801,64,151,,,,,,,,,,,,,,,,,,,,,,,,,,,,,,,,,,,,,,,
985,802,65,304,,,,,,,,,,,,,,,,,,,,,,,,,,,,,,,,,,,,,,,
986,803,60,286,,,,,,,,,,,,,,,,,,,,,,,,,,,,,,,,,,,,,,,
987,804,65,299,,,,,,,,,,,,,,,,,,,,,,,,,,,,,,,,,,,,,,,
988,805,65,345,,,,,,,,,,,,,,,,,,,,,,,,,,,,,,,,,,,,,,,
989,806,63,187,,,,,,,,,,,,,,,,,,,,,,,,,,,,,,,,,,,,,,,
990,807,66,148,,,,,,,,,,,,,,,,,,,,,,,,,,,,,,,,,,,,,,,
991,808,61,264,,,,,,,,,,,,,,,,,,,,,,,,,,,,,,,,,,,,,,,
992,809,62,169,,,,,,,,,,,,,,,,,,,,,,,,,,,,,,,,,,,,,,,
993,810,62,196,,,,,,,,,,,,,,,,,,,,,,,,,,,,,,,,,,,,,,,
994,811,64,231,,,,,,,,,,,,,,,,,,,,,,,,,,,,,,,,,,,,,,,
995,812,64,284,,,,,,,,,,,,,,,,,,,,,,,,,,,,,,,,,,,,,,,
996,813,57,237,,,,,,,,,,,,,,,,,,,,,,,,,,,,,,,,,,,,,,,
997,814,61,329,,,,,,,,,,,,,,,,,,,,,,,,,,,,,,,,,,,,,,,
998,815,59,297,,,,,,,,,,,,,,,,,,,,,,,,,,,,,,,,,,,,,,,
999,816,57,302,,,,,,,,,,,,,,,,,,,,,,,,,,,,,,,,,,,,,,,
1000,817,57,317,,,,,,,,,,,,,,,,,,,,,,,,,,,,,,,,,,,,,,,
1001,818,66,230,,,,,,,,,,,,,,,,,,,,,,,,,,,,,,,,,,,,,,,
1002,819,61,351,,,,,,,,,,,,,,,,,,,,,,,,,,,,,,,,,,,,,,,
1003,820,62,292,,,,,,,,,,,,,,,,,,,,,,,,,,,,,,,,,,,,,,,
1004,821,62,352,,,,,,,,,,,,,,,,,,,,,,,,,,,,,,,,,,,,,,,
1005,822,60,173,,,,,,,,,,,,,,,,,,,,,,,,,,,,,,,,,,,,,,,
1006,823,63,340,,,,,,,,,,,,,,,,,,,,,,,,,,,,,,,,,,,,,,,
1007,824,61,310,,,,,,,,,,,,,,,,,,,,,,,,,,,,,,,,,,,,,,,
1008,825,61,155,,,,,,,,,,,,,,,,,,,,,,,,,,,,,,,,,,,,,,,
1009,826,62,191,,,,,,,,,,,,,,,,,,,,,,,,,,,,,,,,,,,,,,,
1010,827,66,254,,,,,,,,,,,,,,,,,,,,,,,,,,,,,,,,,,,,,,,
1011,828,60,221,,,,,,,,,,,,,,,,,,,,,,,,,,,,,,,,,,,,,,,
1012,829,60,182,,,,,,,,,,,,,,,,,,,,,,,,,,,,,,,,,,,,,,,
1013,830,64,336,,,,,,,,,,,,,,,,,,,,,,,,,,,,,,,,,,,,,,,
1014,831,59,148,,,,,,,,,,,,,,,,,,,,,,,,,,,,,,,,,,,,,,,
1015,832,61,160,,,,,,,,,,,,,,,,,,,,,,,,,,,,,,,,,,,,,,,
1016,833,66,340,,,,,,,,,,,,,,,,,,,,,,,,,,,,,,,,,,,,,,,
1017,834,58,176,,,,,,,,,,,,,,,,,,,,,,,,,,,,,,,,,,,,,,,
1018,835,57,351,,,,,,,,,,,,,,,,,,,,,,,,,,,,,,,,,,,,,,,
1019,836,57,254,,,,,,,,,,,,,,,,,,,,,,,,,,,,,,,,,,,,,,,
1020,837,62,312,,,,,,,,,,,,,,,,,,,,,,,,,,,,,,,,,,,,,,,
1021,838,63,305,,,,,,,,,,,,,,,,,,,,,,,,,,,,,,,,,,,,,,,
1022,839,57,268,,,,,,,,,,,,,,,,,,,,,,,,,,,,,,,,,,,,,,,
1023,840,66,164,,,,,,,,,,,,,,,,,,,,,,,,,,,,,,,,,,,,,,,
1024,841,66,287,,,,,,,,,,,,,,,,,,,,,,,,,,,,,,,,,,,,,,,
1025,842,61,197,,,,,,,,,,,,,,,,,,,,,,,,,,,,,,,,,,,,,,,
1026,843,58,320,,,,,,,,,,,,,,,,,,,,,,,,,,,,,,,,,,,,,,,
1027,844,65,255,,,,,,,,,,,,,,,,,,,,,,,,,,,,,,,,,,,,,,,
1028,845,61,273,,,,,,,,,,,,,,,,,,,,,,,,,,,,,,,,,,,,,,,
1029,846,58,207,,,,,,,,,,,,,,,,,,,,,,,,,,,,,,,,,,,,,,,
1030,847,59,277,,,,,,,,,,,,,,,,,,,,,,,,,,,,,,,,,,,,,,,
1031,848,62,256,,,,,,,,,,,,,,,,,,,,,,,,,,,,,,,,,,,,,,,
1032,849,62,212,,,,,,,,,,,,,,,,,,,,,,,,,,,,,,,,,,,,,,,
1033,850,59,300,,,,,,,,,,,,,,,,,,,,,,,,,,,,,,,,,,,,,,,
1034,851,64,210,,,,,,,,,,,,,,,,,,,,,,,,,,,,,,,,,,,,,,,
1035,852,64,234,,,,,,,,,,,,,,,,,,,,,,,,,,,,,,,,,,,,,,,
1036,853,66,151,,,,,,,,,,,,,,,,,,,,,,,,,,,,,,,,,,,,,,,
1037,854,63,176,,,,,,,,,,,,,,,,,,,,,,,,,,,,,,,,,,,,,,,
1038,855,65,274,,,,,,,,,,,,,,,,,,,,,,,,,,,,,,,,,,,,,,,
1039,856,60,293,,,,,,,,,,,,,,,,,,,,,,,,,,,,,,,,,,,,,,,
1040,857,58,280,,,,,,,,,,,,,,,,,,,,,,,,,,,,,,,,,,,,,,,
1041,858,66,253,,,,,,,,,,,,,,,,,,,,,,,,,,,,,,,,,,,,,,,
1042,859,62,185,,,,,,,,,,,,,,,,,,,,,,,,,,,,,,,,,,,,,,,
1043,860,65,157,,,,,,,,,,,,,,,,,,,,,,,,,,,,,,,,,,,,,,,
1044,861,58,273,,,,,,,,,,,,,,,,,,,,,,,,,,,,,,,,,,,,,,,
1045,862,64,232,,,,,,,,,,,,,,,,,,,,,,,,,,,,,,,,,,,,,,,
1046,863,65,311,,,,,,,,,,,,,,,,,,,,,,,,,,,,,,,,,,,,,,,
1047,864,59,336,,,,,,,,,,,,,,,,,,,,,,,,,,,,,,,,,,,,,,,
1048,865,59,179,,,,,,,,,,,,,,,,,,,,,,,,,,,,,,,,,,,,,,,
1049,866,59,291,,,,,,,,,,,,,,,,,,,,,,,,,,,,,,,,,,,,,,,
1050,867,60,195,,,,,,,,,,,,,,,,,,,,,,,,,,,,,,,,,,,,,,,
1051,868,59,286,,,,,,,,,,,,,,,,,,,,,,,,,,,,,,,,,,,,,,,
1052,869,66,153,,,,,,,,,,,,,,,,,,,,,,,,,,,,,,,,,,,,,,,
1053,870,60,178,,,,,,,,,,,,,,,,,,,,,,,,,,,,,,,,,,,,,,,
1054,871,58,281,,,,,,,,,,,,,,,,,,,,,,,,,,,,,,,,,,,,,,,
1055,872,63,315,,,,,,,,,,,,,,,,,,,,,,,,,,,,,,,,,,,,,,,
1056,873,59,226,,,,,,,,,,,,,,,,,,,,,,,,,,,,,,,,,,,,,,,
1057,874,58,271,,,,,,,,,,,,,,,,,,,,,,,,,,,,,,,,,,,,,,,
1058,875,64,350,,,,,,,,,,,,,,,,,,,,,,,,,,,,,,,,,,,,,,,
1059,876,66,220,,,,,,,,,,,,,,,,,,,,,,,,,,,,,,,,,,,,,,,
1060,877,61,182,,,,,,,,,,,,,,,,,,,,,,,,,,,,,,,,,,,,,,,
1061,878,63,183,,,,,,,,,,,,,,,,,,,,,,,,,,,,,,,,,,,,,,,
1062,879,63,216,,,,,,,,,,,,,,,,,,,,,,,,,,,,,,,,,,,,,,,
1063,880,62,176,,,,,,,,,,,,,,,,,,,,,,,,,,,,,,,,,,,,,,,
1064,881,64,300,,,,,,,,,,,,,,,,,,,,,,,,,,,,,,,,,,,,,,,
1065,882,65,284,,,,,,,,,,,,,,,,,,,,,,,,,,,,,,,,,,,,,,,
1066,883,61,277,,,,,,,,,,,,,,,,,,,,,,,,,,,,,,,,,,,,,,,
1067,884,60,342,,,,,,,,,,,,,,,,,,,,,,,,,,,,,,,,,,,,,,,
1068,885,60,198,,,,,,,,,,,,,,,,,,,,,,,,,,,,,,,,,,,,,,,
1069,886,62,252,,,,,,,,,,,,,,,,,,,,,,,,,,,,,,,,,,,,,,,
1070,887,65,296,,,,,,,,,,,,,,,,,,,,,,,,,,,,,,,,,,,,,,,
1071,888,65,244,,,,,,,,,,,,,,,,,,,,,,,,,,,,,,,,,,,,,,,
1072,889,66,329,,,,,,,,,,,,,,,,,,,,,,,,,,,,,,,,,,,,,,,
1073,890,58,249,,,,,,,,,,,,,,,,,,,,,,,,,,,,,,,,,,,,,,,
1074,891,63,283,,,,,,,,,,,,,,,,,,,,,,,,,,,,,,,,,,,,,,,
1075,892,59,209,,,,,,,,,,,,,,,,,,,,,,,,,,,,,,,,,,,,,,,
1076,893,58,322,,,,,,,,,,,,,,,,,,,,,,,,,,,,,,,,,,,,,,,
1077,894,59,183,,,,,,,,,,,,,,,,,,,,,,,,,,,,,,,,,,,,,,,
1078,895,63,168,,,,,,,,,,,,,,,,,,,,,,,,,,,,,,,,,,,,,,,
1079,896,57,267,,,,,,,,,,,,,,,,,,,,,,,,,,,,,,,,,,,,,,,
1080,897,61,177,,,,,,,,,,,,,,,,,,,,,,,,,,,,,,,,,,,,,,,
1081,898,61,236,,,,,,,,,,,,,,,,,,,,,,,,,,,,,,,,,,,,,,,
1082,899,65,152,,,,,,,,,,,,,,,,,,,,,,,,,,,,,,,,,,,,,,,
1083,900,61,278,,,,,,,,,,,,,,,,,,,,,,,,,,,,,,,,,,,,,,,
1084,901,57,178,,,,,,,,,,,,,,,,,,,,,,,,,,,,,,,,,,,,,,,
1085,902,59,239,,,,,,,,,,,,,,,,,,,,,,,,,,,,,,,,,,,,,,,
1086,903,60,243,,,,,,,,,,,,,,,,,,,,,,,,,,,,,,,,,,,,,,,
1087,904,61,292,,,,,,,,,,,,,,,,,,,,,,,,,,,,,,,,,,,,,,,
1088,905,60,174,,,,,,,,,,,,,,,,,,,,,,,,,,,,,,,,,,,,,,,
1089,906,59,294,,,,,,,,,,,,,,,,,,,,,,,,,,,,,,,,,,,,,,,
1090,907,58,153,,,,,,,,,,,,,,,,,,,,,,,,,,,,,,,,,,,,,,,
1091,908,61,164,,,,,,,,,,,,,,,,,,,,,,,,,,,,,,,,,,,,,,,
1092,909,62,258,,,,,,,,,,,,,,,,,,,,,,,,,,,,,,,,,,,,,,,
1093,910,61,260,,,,,,,,,,,,,,,,,,,,,,,,,,,,,,,,,,,,,,,
1094,911,60,182,,,,,,,,,,,,,,,,,,,,,,,,,,,,,,,,,,,,,,,
1095,912,60,196,,,,,,,,,,,,,,,,,,,,,,,,,,,,,,,,,,,,,,,
1096,913,58,146,,,,,,,,,,,,,,,,,,,,,,,,,,,,,,,,,,,,,,,
1097,914,57,299,,,,,,,,,,,,,,,,,,,,,,,,,,,,,,,,,,,,,,,
1098,915,60,236,,,,,,,,,,,,,,,,,,,,,,,,,,,,,,,,,,,,,,,
1099,916,63,329,,,,,,,,,,,,,,,,,,,,,,,,,,,,,,,,,,,,,,,
1100,917,61,249,,,,,,,,,,,,,,,,,,,,,,,,,,,,,,,,,,,,,,,
1101,918,61,257,,,,,,,,,,,,,,,,,,,,,,,,,,,,,,,,,,,,,,,
1102,919,61,303,,,,,,,,,,,,,,,,,,,,,,,,,,,,,,,,,,,,,,,
1103,920,66,292,,,,,,,,,,,,,,,,,,,,,,,,,,,,,,,,,,,,,,,
1104,921,60,261,,,,,,,,,,,,,,,,,,,,,,,,,,,,,,,,,,,,,,,
1105,922,65,247,,,,,,,,,,,,,,,,,,,,,,,,,,,,,,,,,,,,,,,
1106,923,65,218,,,,,,,,,,,,,,,,,,,,,,,,,,,,,,,,,,,,,,,
1107,924,60,241,,,,,,,,,,,,,,,,,,,,,,,,,,,,,,,,,,,,,,,
1108,925,63,210,,,,,,,,,,,,,,,,,,,,,,,,,,,,,,,,,,,,,,,
1109,926,66,199,,,,,,,,,,,,,,,,,,,,,,,,,,,,,,,,,,,,,,,
1110,927,62,324,,,,,,,,,,,,,,,,,,,,,,,,,,,,,,,,,,,,,,,
1111,928,59,323,,,,,,,,,,,,,,,,,,,,,,,,,,,,,,,,,,,,,,,
1112,929,65,146,,,,,,,,,,,,,,,,,,,,,,,,,,,,,,,,,,,,,,,
1113,930,59,227,,,,,,,,,,,,,,,,,,,,,,,,,,,,,,,,,,,,,,,
1114,931,61,296,,,,,,,,,,,,,,,,,,,,,,,,,,,,,,,,,,,,,,,
1115,932,60,324,,,,,,,,,,,,,,,,,,,,,,,,,,,,,,,,,,,,,,,
1116,933,61,225,,,,,,,,,,,,,,,,,,,,,,,,,,,,,,,,,,,,,,,
1117,934,59,290,,,,,,,,,,,,,,,,,,,,,,,,,,,,,,,,,,,,,,,
1118,935,62,335,,,,,,,,,,,,,,,,,,,,,,,,,,,,,,,,,,,,,,,
1119,936,63,305,,,,,,,,,,,,,,,,,,,,,,,,,,,,,,,,,,,,,,,
1120,937,63,309,,,,,,,,,,,,,,,,,,,,,,,,,,,,,,,,,,,,,,,
1121,938,58,314,,,,,,,,,,,,,,,,,,,,,,,,,,,,,,,,,,,,,,,
1122,939,59,317,,,,,,,,,,,,,,,,,,,,,,,,,,,,,,,,,,,,,,,
1123,940,61,318,,,,,,,,,,,,,,,,,,,,,,,,,,,,,,,,,,,,,,,
1124,941,63,261,,,,,,,,,,,,,,,,,,,,,,,,,,,,,,,,,,,,,,,
1125,942,57,148,,,,,,,,,,,,,,,,,,,,,,,,,,,,,,,,,,,,,,,
1126,943,62,231,,,,,,,,,,,,,,,,,,,,,,,,,,,,,,,,,,,,,,,
1127,944,60,272,,,,,,,,,,,,,,,,,,,,,,,,,,,,,,,,,,,,,,,
1128,945,59,271,,,,,,,,,,,,,,,,,,,,,,,,,,,,,,,,,,,,,,,
1129,946,64,231,,,,,,,,,,,,,,,,,,,,,,,,,,,,,,,,,,,,,,,
1130,947,61,251,,,,,,,,,,,,,,,,,,,,,,,,,,,,,,,,,,,,,,,
1131,948,59,282,,,,,,,,,,,,,,,,,,,,,,,,,,,,,,,,,,,,,,,
1132,949,58,149,,,,,,,,,,,,,,,,,,,,,,,,,,,,,,,,,,,,,,,
1133,950,57,241,,,,,,,,,,,,,,,,,,,,,,,,,,,,,,,,,,,,,,,
1134,951,58,288,,,,,,,,,,,,,,,,,,,,,,,,,,,,,,,,,,,,,,,
1135,952,65,307,,,,,,,,,,,,,,,,,,,,,,,,,,,,,,,,,,,,,,,
1136,953,63,173,,,,,,,,,,,,,,,,,,,,,,,,,,,,,,,,,,,,,,,
1137,954,63,300,,,,,,,,,,,,,,,,,,,,,,,,,,,,,,,,,,,,,,,
1138,955,63,240,,,,,,,,,,,,,,,,,,,,,,,,,,,,,,,,,,,,,,,
1139,956,62,146,,,,,,,,,,,,,,,,,,,,,,,,,,,,,,,,,,,,,,,
1140,957,63,236,,,,,,,,,,,,,,,,,,,,,,,,,,,,,,,,,,,,,,,
1141,958,64,331,,,,,,,,,,,,,,,,,,,,,,,,,,,,,,,,,,,,,,,
1142,959,63,222,,,,,,,,,,,,,,,,,,,,,,,,,,,,,,,,,,,,,,,
1143,960,60,157,,,,,,,,,,,,,,,,,,,,,,,,,,,,,,,,,,,,,,,
1144,961,57,277,,,,,,,,,,,,,,,,,,,,,,,,,,,,,,,,,,,,,,,
1145,962,61,345,,,,,,,,,,,,,,,,,,,,,,,,,,,,,,,,,,,,,,,
1146,963,59,200,,,,,,,,,,,,,,,,,,,,,,,,,,,,,,,,,,,,,,,
1147,964,59,172,,,,,,,,,,,,,,,,,,,,,,,,,,,,,,,,,,,,,,,
1148,965,62,250,,,,,,,,,,,,,,,,,,,,,,,,,,,,,,,,,,,,,,,
1149,966,63,203,,,,,,,,,,,,,,,,,,,,,,,,,,,,,,,,,,,,,,,
1150,967,65,340,,,,,,,,,,,,,,,,,,,,,,,,,,,,,,,,,,,,,,,
1151,968,64,337,,,,,,,,,,,,,,,,,,,,,,,,,,,,,,,,,,,,,,,
1152,969,63,200,,,,,,,,,,,,,,,,,,,,,,,,,,,,,,,,,,,,,,,
1153,970,60,228,,,,,,,,,,,,,,,,,,,,,,,,,,,,,,,,,,,,,,,
1154,971,64,270,,,,,,,,,,,,,,,,,,,,,,,,,,,,,,,,,,,,,,,
1155,972,66,305,,,,,,,,,,,,,,,,,,,,,,,,,,,,,,,,,,,,,,,
1156,973,57,291,,,,,,,,,,,,,,,,,,,,,,,,,,,,,,,,,,,,,,,
1157,974,65,157,,,,,,,,,,,,,,,,,,,,,,,,,,,,,,,,,,,,,,,
1158,975,64,219,,,,,,,,,,,,,,,,,,,,,,,,,,,,,,,,,,,,,,,
1159,976,66,312,,,,,,,,,,,,,,,,,,,,,,,,,,,,,,,,,,,,,,,
1160,977,63,347,,,,,,,,,,,,,,,,,,,,,,,,,,,,,,,,,,,,,,,
1161,978,61,243,,,,,,,,,,,,,,,,,,,,,,,,,,,,,,,,,,,,,,,
1162,979,59,337,,,,,,,,,,,,,,,,,,,,,,,,,,,,,,,,,,,,,,,
1163,980,62,222,,,,,,,,,,,,,,,,,,,,,,,,,,,,,,,,,,,,,,,
1164,981,65,248,,,,,,,,,,,,,,,,,,,,,,,,,,,,,,,,,,,,,,,
1165,982,59,186,,,,,,,,,,,,,,,,,,,,,,,,,,,,,,,,,,,,,,,
1166,983,65,205,,,,,,,,,,,,,,,,,,,,,,,,,,,,,,,,,,,,,,,
1167,984,59,283,,,,,,,,,,,,,,,,,,,,,,,,,,,,,,,,,,,,,,,
1168,985,64,322,,,,,,,,,,,,,,,,,,,,,,,,,,,,,,,,,,,,,,,
1169,986,59,233,,,,,,,,,,,,,,,,,,,,,,,,,,,,,,,,,,,,,,,
1170,987,66,339,,,,,,,,,,,,,,,,,,,,,,,,,,,,,,,,,,,,,,,
1171,988,59,235,,,,,,,,,,,,,,,,,,,,,,,,,,,,,,,,,,,,,,,
1172,989,64,290,,,,,,,,,,,,,,,,,,,,,,,,,,,,,,,,,,,,,,,
1173,990,66,251,,,,,,,,,,,,,,,,,,,,,,,,,,,,,,,,,,,,,,,
1174,991,61,191,,,,,,,,,,,,,,,,,,,,,,,,,,,,,,,,,,,,,,,
1175,992,60,183,,,,,,,,,,,,,,,,,,,,,,,,,,,,,,,,,,,,,,,
1176,993,62,319,,,,,,,,,,,,,,,,,,,,,,,,,,,,,,,,,,,,,,,
1177,994,62,317,,,,,,,,,,,,,,,,,,,,,,,,,,,,,,,,,,,,,,,
1178,995,62,199,,,,,,,,,,,,,,,,,,,,,,,,,,,,,,,,,,,,,,,
1179,996,64,299,,,,,,,,,,,,,,,,,,,,,,,,,,,,,,,,,,,,,,,
1180,997,63,147,,,,,,,,,,,,,,,,,,,,,,,,,,,,,,,,,,,,,,,
1181,998,62,207,,,,,,,,,,,,,,,,,,,,,,,,,,,,,,,,,,,,,,,
1182,999,60,295,,,,,,,,,,,,,,,,,,,,,,,,,,,,,,,,,,,,,,,
1183,1000,66,302,,,,,,,,,,,,,,,,,,,,,,,,,,,,,,,,,,,,,,,
