n;25;;;;;;;;;;;;;;;;;;;;;;;;;;;;;;;;;;;;;
L;5;;;;;;;;;;;;;;;;;;;;;;;;;;;;;;;;;;;;;
C;5;;;;;;;;;;;;;;;;;;;;;;;;;;;;;;;;;;;;;
m;35;;;;;;;;;;;;;;;;;;;;;;;;;;;;;;;;;;;;;
op28;96;;;;;;;;;;;;;;;;;;;;;;;;;;;;;;;;;;;;;
N_Cmax;104;;;;;;;;;;;;;;;;;;;;;;;;;;;;;;;;;;;;;
N_TT;646;;;;;;;;;;;;;;;;;;;;;;;;;;;;;;;;;;;;;
I_Cmax;48;;;;;;;;;;;;;;;;;;;;;;;;;;;;;;;;;;;;;
I_TT;0;;;;;;;;;;;;;;;;;;;;;;;;;;;;;;;;;;;;;
MaxFES;24000;;;;;;;;;;;;;;;;;;;;;;;;;;;;;;;;;;;;;
;;;;;;;;;;;;;;;;;;;;;;;;;;;;;;;;;;;;;;
;;;1;1;1;1;1;1;1;2;2;2;2;2;2;2;3;3;3;3;3;3;3;4;4;4;4;4;4;4;5;5;5;5;5;5;5;Cell
;;;1;2;2;2;2;5;19;3;4;6;6;6;6;20;7;8;8;8;8;13;14;9;10;11;11;11;11;12;15;16;17;17;17;17;18;Machine
Part Family;Job;Operation no;1;1;2;3;4;1;1;1;1;1;2;3;4;1;1;1;2;3;4;1;1;1;1;1;2;3;4;1;1;1;1;2;3;4;1;Alternative(for machine)
1;8;1;3;;;;;;;;;;;;;;;;;;;;;;;;;;;;;;;;;;;
1;8;2;;9;9;9;9;;;;;;;;;;;;;;;;;;;;;;;;;;;;;;;
1;8;3;;;;;;4;;;;;;;;;;;;;;;;;;;;;;;;;;;;;;
1;38;1;;;;;;;3;;;;;;;;;;;;;;;;;;;;;;;;;;;;;
1;38;2;;;;;;4;;;;;;;;;;;;;;;;;;;;;;;;;;;;;;
1;38;3;;2;2;2;2;;;;;;;;;;;;;;;;;;;;;;;;;;;;;;;
1;38;4;;;;;;4;;;;;;;;;;;;;;;;;;;;;;;;;;;;;;
1;39;1;;;;;;;;;;;;;;2;;;;;;;;;;;;;;;;;;;;;;
1;39;2;;;;;;;5;;;;;;;;;;;;;;;;;;;;;;;;;;;;;
1;39;3;4;;;;;;;;;;;;;;;;;;;;;;;;;;;;;;;;;;;
1;39;4;;5;5;5;5;;;;;;;;;;;;;;;;;;;;;;;;;;;;;;;
1;40;1;;2;2;2;2;;;;;;;;;;;;;;;;;;;;;;;;;;;;;;;
1;40;2;;;;;;;7;;;;;;;;;;;;;;;;;;;;;;;;;;;;;
1;40;3;5;;;;;;;;;;;;;;;;;;;;;;;;;;;;;;;;;;;
1;40;4;;;;;;;7;;;;;;;;;;;;;;;;;;;;;;;;;;;;;
1;44;1;;;;;;3;;;;;;;;;;;;;;;;;;;;;;;;;;;;;;
1;44;2;;;;;;;;;;;;;;;;;;;;4;;;;;;;;;;;;;;;;
1;44;3;;;;;;;1;;;;;;;;;;;;;;;;;;;;;;;;;;;;;
1;44;4;5;;;;;;;;;;;;;;;;;;;;;;;;;;;;;;;;;;;
2;31;1;;;;;;;;;;;;;;;;4;4;4;4;;;;;;;;;;;;;;;;;
2;31;2;;;;;;;;;9;;;;;;;;;;;;;;;;;;;;;;;;;;;
2;31;3;;;;;;;;5;;;;;;;;;;;;;;;;;;;;;;;;;;;;
2;31;4;;;;;;;;;;6;6;6;6;;;;;;;;;;;;;;;;;;;;;;;
2;41;1;;;;;;;;;;8;8;8;8;;;;;;;;;;;;;;;;;;;;;;;
2;41;2;;;;;;;;;1;;;;;;;;;;;;;;;;;;;;;;;;;;;
2;41;3;;;;;;;;;;8;8;8;8;;;;;;;;;;;;;;;;;;;;;;;
2;41;4;;;;;;;;;;;;;;4;;;;;;;;;;;;;;;;;;;;;;
2;42;1;;;;;;;;4;;;;;;;;;;;;;;;;;;;;;;;;;;;;
2;42;2;;;;;;;;;;;;;;7;;;;;;;;;;;;;;;;;;;;;;
2;42;3;;;;;;;;;8;;;;;;;;;;;;;;;;;;;;;;;;;;;
2;42;4;;;;;;;;;;3;3;3;3;;;;;;;;;;;;;;;;;;;;;;;
2;43;1;;;;;;;;;;;;;;2;;;;;;;;;;;;;;;;;;;;;;
2;43;2;;;;;;;;8;;;;;;;;;;;;;;;;;;;;;;;;;;;;
2;43;3;;;;;;;;;;4;4;4;4;;;;;;;;;;;;;;;;;;;;;;;
2;43;4;;;;;;;;8;;;;;;;;;;;;;;;;;;;;;;;;;;;;
2;12;1;;;;;;;;;4;;;;;;;;;;;;;;;;;;;;;;;;;;;
2;12;2;;;;;;;;;;5;5;5;5;;;;;;;;;;;;;;;;;;;;;;;
2;12;3;;;;;;;;;4;;;;;;;;;;;;;;;;;;;;;;;;;;;
3;25;1;;;;;;;;;;;;;;;;;;;;6;;;;;;;;;;;;;;;;
3;25;2;;;;;;;;;;;;;;;;4;4;4;4;;;;;;;;;;;;;;;;;
3;25;3;;;;;;;;;;;;;;;;;;;;;9;;;;;;;;;;;;;;;
3;25;4;;;;;;;;;;;;;;;;4;4;4;4;;;;;;;;;;;;;;;;;
3;26;1;;;;;;;;;;;;;;;;;;;;;4;;;;;;;;;;;;;;;
3;26;2;;;;;;;;;;;;;;;;5;5;5;5;;;;;;;;;;;;;;;;;
3;26;3;;;;;;;;;;;;;;;;;;;;7;;;;;;;;;;;;;;;;
3;26;4;;;;;;;;;;;;;;;2;;;;;;;;;;;;;;;;;;;;;
3;28;1;;;;;;;;;;;;;;;;2;2;2;2;;;;;;;;;;;;;;;;;
3;28;2;;;;;;;;;;;;;;;;;;;;;3;;;;;;;;;;;;;;;
3;28;3;;;;;;;;;;;;;;;;;;;;9;;;;;;;;;;;;;;;;
3;28;4;;;;;;;;;;;;;;;;;;;;;3;;;;;;;;;;;;;;;
3;29;1;;;;;;;;;;;;;;;;6;6;6;6;;;;;;;;;;;;;;;;;
3;29;2;;;;;;;;;;;;;;;;;;;;7;;;;;;;;;;;;;;;;
3;29;3;;;;;;;;;;;;;;;;;;;;;4;;;;;;;;;;;;;;;
3;29;4;;;;;;;;;;;;;;;5;;;;;;;;;;;;;;;;;;;;;
3;30;1;;;;;;;;;;;;;;;;;;;;;6;;;;;;;;;;;;;;;
3;30;2;;;;;;;;;;;;;;;;3;3;3;3;;;;;;;;;;;;;;;;;
3;30;3;;;;;;;;;;;;;;;5;;;;;;;;;;;;;;;;;;;;;
4;30;4;;;;;;;;;;;;;;;;3;3;3;3;;;;;;;;;;;;;;;;;
4;32;1;;;;;;;;;;;;;;;;;;;;;;;7;;;;;;;;;;;;;
4;32;2;;;;;;;;;;;;;;;;;;;;;;;;;;;;6;;;;;;;;
4;32;3;;;;;;;;;;;;;;;;;;;;;;5;;;;;;;;;;;;;;
4;32;4;;;;;;;;;;;;;;;;;;;;;;;;2;2;2;2;;;;;;;;;
4;33;1;;;;;;;;;;;;;;;;;;;;;;;;3;3;3;3;;;;;;;;;
4;33;2;;;;;;;;;;;;;;;;;;;;;;6;;;;;;;;;;;;;;
4;33;3;;;;;;;;;;;;;;;;;;;;;;;5;;;;;;;;;;;;;
4;33;4;;;;;;;;;;;;;;;;;;;;;;6;;;;;;;;;;;;;;
4;19;1;;;;;;;;;;;;;;;;;;;;;;3;;;;;;;;;;;;;;
4;19;2;;;;;;;;;;;;;;;6;;;;;;;;;;;;;;;;;;;;;
4;19;3;;;;;;;;;;;;;;;;;;;;;;;2;;;;;;;;;;;;;
4;20;1;;;;;;;;;;;;;;;;;;;;;;;;7;7;7;7;;;;;;;;;
4;20;2;;;;;;;;;;;;;;;;;;;;;;;8;;;;;;;;;;;;;
4;20;3;;;;;;;;;;;;;;;;;;;;;;;;;;;;5;;;;;;;;
4;20;4;;;;;;;;;;;;;;;;;;;;;;;;7;7;7;7;;;;;;;;;
4;21;1;;;;;;;;;;;;;;;;;;;;;;;;;;;;3;;;;;;;;
4;21;2;;;;;;;;;;;;;;;;;;;;;;4;;;;;;;;;;;;;;
4;21;3;;;;;;;;;;;;;;;;;;;;;;;;5;5;5;5;;;;;;;;;
5;45;1;;;;;;;;;;;;;;;;;;;;;;;;;;;;;2;;;;;;;
5;45;2;;;;;;;;;;;;;;;;;;;;;;;;4;4;4;4;;;;;;;;;
5;45;3;;;;;;;;;;;;;;;;;;;;;;;;;;;;;;;;;;;8;
5;45;4;;;;;;;;;;;;;;;;;;;;;;;;;;;;;;;6;6;6;6;;
5;34;1;;;;;;;;;;;;;;;;;;;;;;;;;;;;;;2;;;;;;
5;34;2;;;;;;;;;;;;;;;;;;;;;;;;;;;;;6;;;;;;;
5;34;3;;;;;;;;;;;;;;;;;;;;;;;;;;;;;;;;;;;3;
5;34;4;;;;;;;;;;;;;;;;;;;;;;;;;;;;;;;1;1;1;1;;
5;35;1;;;;;;;;;;;;;;;;;;;;;;;;;;;;;;;3;3;3;3;;
5;35;2;;;;;;;;;;;;;;;;;;;;;;;;;;;;;;5;;;;;;
5;35;3;;;;;;;;;;;;;;;;;;;;;;;;;;;;;;;;;;;7;
5;35;4;;;;;;;;;;;;;;;;;;;;;;;;;;;;;;;3;3;3;3;;
5;36;1;;;;;;;;;;;;;;;;;;;;;;;;;;;;;;6;;;;;;
5;36;2;;;;;;;;;;;;;;;;;;;;;;;;;;;;;;;2;2;2;2;;
5;36;3;;;;;;;;;;;;;;;;;;;;;;;;;;;;;;6;;;;;;
5;36;4;;;;;;;;;;;;;;;;;;;;;;;;;;;;;4;;;;;;;
5;37;1;;;;;;;;;;;;;;;;;;;;;;;;;;;;;5;;;;;;;
5;37;2;;;;;;;;;;;;;;;;;;;;;;;;;;;;;;;3;3;3;3;;
5;37;3;;;;;;;;;;;;;;;;;;;;;;;;;;;;;;1;;;;;;
5;37;4;;;;;;;;;;;;;;;;;;;;;;;;;;;;;;;;;;;6;
;;;;;;;;;;;;;;;;;;;;;;;;;;;;;;;;;;;;;;
Part Family;Part Family;Setup Time;;;;;;;;;;;;;;;;;;;;;;;;;;;;;;;;;;;;
1;1;0;;;;;;;;;;;;;;;;;;;;;;;;;;;;;;;;;;;;
1;2;3;;;;;;;;;;;;;;;;;;;;;;;;;;;;;;;;;;;;
1;3;7;;;;;;;;;;;;;;;;;;;;;;;;;;;;;;;;;;;;
1;4;4;;;;;;;;;;;;;;;;;;;;;;;;;;;;;;;;;;;;
1;5;5;;;;;;;;;;;;;;;;;;;;;;;;;;;;;;;;;;;;
2;1;4;;;;;;;;;;;;;;;;;;;;;;;;;;;;;;;;;;;;
2;2;0;;;;;;;;;;;;;;;;;;;;;;;;;;;;;;;;;;;;
2;3;4;;;;;;;;;;;;;;;;;;;;;;;;;;;;;;;;;;;;
2;4;2;;;;;;;;;;;;;;;;;;;;;;;;;;;;;;;;;;;;
2;5;8;;;;;;;;;;;;;;;;;;;;;;;;;;;;;;;;;;;;
3;1;6;;;;;;;;;;;;;;;;;;;;;;;;;;;;;;;;;;;;
3;2;5;;;;;;;;;;;;;;;;;;;;;;;;;;;;;;;;;;;;
3;3;0;;;;;;;;;;;;;;;;;;;;;;;;;;;;;;;;;;;;
3;4;5;;;;;;;;;;;;;;;;;;;;;;;;;;;;;;;;;;;;
3;5;4;;;;;;;;;;;;;;;;;;;;;;;;;;;;;;;;;;;;
4;1;7;;;;;;;;;;;;;;;;;;;;;;;;;;;;;;;;;;;;
4;2;5;;;;;;;;;;;;;;;;;;;;;;;;;;;;;;;;;;;;
4;3;2;;;;;;;;;;;;;;;;;;;;;;;;;;;;;;;;;;;;
4;4;0;;;;;;;;;;;;;;;;;;;;;;;;;;;;;;;;;;;;
4;5;3;;;;;;;;;;;;;;;;;;;;;;;;;;;;;;;;;;;;
5;1;5;;;;;;;;;;;;;;;;;;;;;;;;;;;;;;;;;;;;
5;2;3;;;;;;;;;;;;;;;;;;;;;;;;;;;;;;;;;;;;
5;3;5;;;;;;;;;;;;;;;;;;;;;;;;;;;;;;;;;;;;
5;4;3;;;;;;;;;;;;;;;;;;;;;;;;;;;;;;;;;;;;
5;5;0;;;;;;;;;;;;;;;;;;;;;;;;;;;;;;;;;;;;
;;;;;;;;;;;;;;;;;;;;;;;;;;;;;;;;;;;;;;
Cell;Cell;Transportation Time;;;;;;;;;;;;;;;;;;;;;;;;;;;;;;;;;;;;
1;1;0;;;;;;;;;;;;;;;;;;;;;;;;;;;;;;;;;;;;
1;2;3;;;;;;;;;;;;;;;;;;;;;;;;;;;;;;;;;;;;
1;3;5;;;;;;;;;;;;;;;;;;;;;;;;;;;;;;;;;;;;
1;4;4;;;;;;;;;;;;;;;;;;;;;;;;;;;;;;;;;;;;
1;5;8;;;;;;;;;;;;;;;;;;;;;;;;;;;;;;;;;;;;
2;1;4;;;;;;;;;;;;;;;;;;;;;;;;;;;;;;;;;;;;
2;2;0;;;;;;;;;;;;;;;;;;;;;;;;;;;;;;;;;;;;
2;3;8;;;;;;;;;;;;;;;;;;;;;;;;;;;;;;;;;;;;
2;4;5;;;;;;;;;;;;;;;;;;;;;;;;;;;;;;;;;;;;
2;5;4;;;;;;;;;;;;;;;;;;;;;;;;;;;;;;;;;;;;
3;1;6;;;;;;;;;;;;;;;;;;;;;;;;;;;;;;;;;;;;
3;2;5;;;;;;;;;;;;;;;;;;;;;;;;;;;;;;;;;;;;
3;3;0;;;;;;;;;;;;;;;;;;;;;;;;;;;;;;;;;;;;
3;4;3;;;;;;;;;;;;;;;;;;;;;;;;;;;;;;;;;;;;
3;5;3;;;;;;;;;;;;;;;;;;;;;;;;;;;;;;;;;;;;
4;1;5;;;;;;;;;;;;;;;;;;;;;;;;;;;;;;;;;;;;
4;2;4;;;;;;;;;;;;;;;;;;;;;;;;;;;;;;;;;;;;
4;3;3;;;;;;;;;;;;;;;;;;;;;;;;;;;;;;;;;;;;
4;4;0;;;;;;;;;;;;;;;;;;;;;;;;;;;;;;;;;;;;
4;5;2;;;;;;;;;;;;;;;;;;;;;;;;;;;;;;;;;;;;
5;1;7;;;;;;;;;;;;;;;;;;;;;;;;;;;;;;;;;;;;
5;2;5;;;;;;;;;;;;;;;;;;;;;;;;;;;;;;;;;;;;
5;3;7;;;;;;;;;;;;;;;;;;;;;;;;;;;;;;;;;;;;
5;4;2;;;;;;;;;;;;;;;;;;;;;;;;;;;;;;;;;;;;
5;5;0;;;;;;;;;;;;;;;;;;;;;;;;;;;;;;;;;;;;
;;;;;;;;;;;;;;;;;;;;;;;;;;;;;;;;;;;;;;
Job;Due Date;;;;;;;;;;;;;;;;;;;;;;;;;;;;;;;;;;;;;
8;110;;;;;;;;;;;;;;;;;;;;;;;;;;;;;;;;;;;;;
38;47;;;;;;;;;;;;;;;;;;;;;;;;;;;;;;;;;;;;;
39;2;;;;;;;;;;;;;;;;;;;;;;;;;;;;;;;;;;;;;
40;106;;;;;;;;;;;;;;;;;;;;;;;;;;;;;;;;;;;;;
44;74;;;;;;;;;;;;;;;;;;;;;;;;;;;;;;;;;;;;;
31;7;;;;;;;;;;;;;;;;;;;;;;;;;;;;;;;;;;;;;
41;5;;;;;;;;;;;;;;;;;;;;;;;;;;;;;;;;;;;;;
42;25;;;;;;;;;;;;;;;;;;;;;;;;;;;;;;;;;;;;;
43;6;;;;;;;;;;;;;;;;;;;;;;;;;;;;;;;;;;;;;
12;21;;;;;;;;;;;;;;;;;;;;;;;;;;;;;;;;;;;;;
25;29;;;;;;;;;;;;;;;;;;;;;;;;;;;;;;;;;;;;;
26;22;;;;;;;;;;;;;;;;;;;;;;;;;;;;;;;;;;;;;
28;3;;;;;;;;;;;;;;;;;;;;;;;;;;;;;;;;;;;;;
29;8;;;;;;;;;;;;;;;;;;;;;;;;;;;;;;;;;;;;;
30;18;;;;;;;;;;;;;;;;;;;;;;;;;;;;;;;;;;;;;
32;62;;;;;;;;;;;;;;;;;;;;;;;;;;;;;;;;;;;;;
33;15;;;;;;;;;;;;;;;;;;;;;;;;;;;;;;;;;;;;;
19;15;;;;;;;;;;;;;;;;;;;;;;;;;;;;;;;;;;;;;
20;28;;;;;;;;;;;;;;;;;;;;;;;;;;;;;;;;;;;;;
21;43;;;;;;;;;;;;;;;;;;;;;;;;;;;;;;;;;;;;;
45;29;;;;;;;;;;;;;;;;;;;;;;;;;;;;;;;;;;;;;
34;52;;;;;;;;;;;;;;;;;;;;;;;;;;;;;;;;;;;;;
35;17;;;;;;;;;;;;;;;;;;;;;;;;;;;;;;;;;;;;;
36;42;;;;;;;;;;;;;;;;;;;;;;;;;;;;;;;;;;;;;
37;61;;;;;;;;;;;;;;;;;;;;;;;;;;;;;;;;;;;;;
;;;;;;;;;;;;;;;;;;;;;;;;;;;;;;;;;;;;;;
No;Reference_point1;Reference_point2;;;;;;;;;;;;;;;;;;;;;;;;;;;;;;;;;;;;
1;53;183;;;;;;;;;;;;;;;;;;;;;;;;;;;;;;;;;;;;
2;57;326;;;;;;;;;;;;;;;;;;;;;;;;;;;;;;;;;;;;
3;61;252;;;;;;;;;;;;;;;;;;;;;;;;;;;;;;;;;;;;
4;55;363;;;;;;;;;;;;;;;;;;;;;;;;;;;;;;;;;;;;
5;50;298;;;;;;;;;;;;;;;;;;;;;;;;;;;;;;;;;;;;
6;48;212;;;;;;;;;;;;;;;;;;;;;;;;;;;;;;;;;;;;
7;54;373;;;;;;;;;;;;;;;;;;;;;;;;;;;;;;;;;;;;
8;62;301;;;;;;;;;;;;;;;;;;;;;;;;;;;;;;;;;;;;
9;53;292;;;;;;;;;;;;;;;;;;;;;;;;;;;;;;;;;;;;
10;62;311;;;;;;;;;;;;;;;;;;;;;;;;;;;;;;;;;;;;
11;67;179;;;;;;;;;;;;;;;;;;;;;;;;;;;;;;;;;;;;
12;51;241;;;;;;;;;;;;;;;;;;;;;;;;;;;;;;;;;;;;
13;64;195;;;;;;;;;;;;;;;;;;;;;;;;;;;;;;;;;;;;
14;64;225;;;;;;;;;;;;;;;;;;;;;;;;;;;;;;;;;;;;
15;65;351;;;;;;;;;;;;;;;;;;;;;;;;;;;;;;;;;;;;
16;59;314;;;;;;;;;;;;;;;;;;;;;;;;;;;;;;;;;;;;
17;62;161;;;;;;;;;;;;;;;;;;;;;;;;;;;;;;;;;;;;
18;68;333;;;;;;;;;;;;;;;;;;;;;;;;;;;;;;;;;;;;
19;66;172;;;;;;;;;;;;;;;;;;;;;;;;;;;;;;;;;;;;
20;58;272;;;;;;;;;;;;;;;;;;;;;;;;;;;;;;;;;;;;
21;53;374;;;;;;;;;;;;;;;;;;;;;;;;;;;;;;;;;;;;
22;62;242;;;;;;;;;;;;;;;;;;;;;;;;;;;;;;;;;;;;
23;57;305;;;;;;;;;;;;;;;;;;;;;;;;;;;;;;;;;;;;
24;62;261;;;;;;;;;;;;;;;;;;;;;;;;;;;;;;;;;;;;
25;53;235;;;;;;;;;;;;;;;;;;;;;;;;;;;;;;;;;;;;
26;59;195;;;;;;;;;;;;;;;;;;;;;;;;;;;;;;;;;;;;
27;55;309;;;;;;;;;;;;;;;;;;;;;;;;;;;;;;;;;;;;
28;56;192;;;;;;;;;;;;;;;;;;;;;;;;;;;;;;;;;;;;
29;67;177;;;;;;;;;;;;;;;;;;;;;;;;;;;;;;;;;;;;
30;68;264;;;;;;;;;;;;;;;;;;;;;;;;;;;;;;;;;;;;
31;61;169;;;;;;;;;;;;;;;;;;;;;;;;;;;;;;;;;;;;
32;50;205;;;;;;;;;;;;;;;;;;;;;;;;;;;;;;;;;;;;
33;49;226;;;;;;;;;;;;;;;;;;;;;;;;;;;;;;;;;;;;
34;59;225;;;;;;;;;;;;;;;;;;;;;;;;;;;;;;;;;;;;
35;68;349;;;;;;;;;;;;;;;;;;;;;;;;;;;;;;;;;;;;
36;64;206;;;;;;;;;;;;;;;;;;;;;;;;;;;;;;;;;;;;
37;50;197;;;;;;;;;;;;;;;;;;;;;;;;;;;;;;;;;;;;
38;57;366;;;;;;;;;;;;;;;;;;;;;;;;;;;;;;;;;;;;
39;56;327;;;;;;;;;;;;;;;;;;;;;;;;;;;;;;;;;;;;
40;67;185;;;;;;;;;;;;;;;;;;;;;;;;;;;;;;;;;;;;
41;58;228;;;;;;;;;;;;;;;;;;;;;;;;;;;;;;;;;;;;
42;49;260;;;;;;;;;;;;;;;;;;;;;;;;;;;;;;;;;;;;
43;55;242;;;;;;;;;;;;;;;;;;;;;;;;;;;;;;;;;;;;
44;55;160;;;;;;;;;;;;;;;;;;;;;;;;;;;;;;;;;;;;
45;60;340;;;;;;;;;;;;;;;;;;;;;;;;;;;;;;;;;;;;
46;65;326;;;;;;;;;;;;;;;;;;;;;;;;;;;;;;;;;;;;
47;49;164;;;;;;;;;;;;;;;;;;;;;;;;;;;;;;;;;;;;
48;66;208;;;;;;;;;;;;;;;;;;;;;;;;;;;;;;;;;;;;
49;66;262;;;;;;;;;;;;;;;;;;;;;;;;;;;;;;;;;;;;
50;54;185;;;;;;;;;;;;;;;;;;;;;;;;;;;;;;;;;;;;
51;50;239;;;;;;;;;;;;;;;;;;;;;;;;;;;;;;;;;;;;
52;57;239;;;;;;;;;;;;;;;;;;;;;;;;;;;;;;;;;;;;
53;59;225;;;;;;;;;;;;;;;;;;;;;;;;;;;;;;;;;;;;
54;49;195;;;;;;;;;;;;;;;;;;;;;;;;;;;;;;;;;;;;
55;53;254;;;;;;;;;;;;;;;;;;;;;;;;;;;;;;;;;;;;
56;63;197;;;;;;;;;;;;;;;;;;;;;;;;;;;;;;;;;;;;
57;50;343;;;;;;;;;;;;;;;;;;;;;;;;;;;;;;;;;;;;
58;68;228;;;;;;;;;;;;;;;;;;;;;;;;;;;;;;;;;;;;
59;68;300;;;;;;;;;;;;;;;;;;;;;;;;;;;;;;;;;;;;
60;65;310;;;;;;;;;;;;;;;;;;;;;;;;;;;;;;;;;;;;
61;67;276;;;;;;;;;;;;;;;;;;;;;;;;;;;;;;;;;;;;
62;62;194;;;;;;;;;;;;;;;;;;;;;;;;;;;;;;;;;;;;
63;48;163;;;;;;;;;;;;;;;;;;;;;;;;;;;;;;;;;;;;
64;50;175;;;;;;;;;;;;;;;;;;;;;;;;;;;;;;;;;;;;
65;54;203;;;;;;;;;;;;;;;;;;;;;;;;;;;;;;;;;;;;
66;49;359;;;;;;;;;;;;;;;;;;;;;;;;;;;;;;;;;;;;
67;57;338;;;;;;;;;;;;;;;;;;;;;;;;;;;;;;;;;;;;
68;68;185;;;;;;;;;;;;;;;;;;;;;;;;;;;;;;;;;;;;
69;65;309;;;;;;;;;;;;;;;;;;;;;;;;;;;;;;;;;;;;
70;67;170;;;;;;;;;;;;;;;;;;;;;;;;;;;;;;;;;;;;
71;54;202;;;;;;;;;;;;;;;;;;;;;;;;;;;;;;;;;;;;
72;63;197;;;;;;;;;;;;;;;;;;;;;;;;;;;;;;;;;;;;
73;49;306;;;;;;;;;;;;;;;;;;;;;;;;;;;;;;;;;;;;
74;61;210;;;;;;;;;;;;;;;;;;;;;;;;;;;;;;;;;;;;
75;48;282;;;;;;;;;;;;;;;;;;;;;;;;;;;;;;;;;;;;
76;53;207;;;;;;;;;;;;;;;;;;;;;;;;;;;;;;;;;;;;
77;61;289;;;;;;;;;;;;;;;;;;;;;;;;;;;;;;;;;;;;
78;51;286;;;;;;;;;;;;;;;;;;;;;;;;;;;;;;;;;;;;
79;62;227;;;;;;;;;;;;;;;;;;;;;;;;;;;;;;;;;;;;
80;55;275;;;;;;;;;;;;;;;;;;;;;;;;;;;;;;;;;;;;
81;51;374;;;;;;;;;;;;;;;;;;;;;;;;;;;;;;;;;;;;
82;66;171;;;;;;;;;;;;;;;;;;;;;;;;;;;;;;;;;;;;
83;55;338;;;;;;;;;;;;;;;;;;;;;;;;;;;;;;;;;;;;
84;62;226;;;;;;;;;;;;;;;;;;;;;;;;;;;;;;;;;;;;
85;65;348;;;;;;;;;;;;;;;;;;;;;;;;;;;;;;;;;;;;
86;57;221;;;;;;;;;;;;;;;;;;;;;;;;;;;;;;;;;;;;
87;63;332;;;;;;;;;;;;;;;;;;;;;;;;;;;;;;;;;;;;
88;55;319;;;;;;;;;;;;;;;;;;;;;;;;;;;;;;;;;;;;
89;64;269;;;;;;;;;;;;;;;;;;;;;;;;;;;;;;;;;;;;
90;49;232;;;;;;;;;;;;;;;;;;;;;;;;;;;;;;;;;;;;
91;56;352;;;;;;;;;;;;;;;;;;;;;;;;;;;;;;;;;;;;
92;48;316;;;;;;;;;;;;;;;;;;;;;;;;;;;;;;;;;;;;
93;68;345;;;;;;;;;;;;;;;;;;;;;;;;;;;;;;;;;;;;
94;54;348;;;;;;;;;;;;;;;;;;;;;;;;;;;;;;;;;;;;
95;61;248;;;;;;;;;;;;;;;;;;;;;;;;;;;;;;;;;;;;
96;57;274;;;;;;;;;;;;;;;;;;;;;;;;;;;;;;;;;;;;
97;55;240;;;;;;;;;;;;;;;;;;;;;;;;;;;;;;;;;;;;
98;66;229;;;;;;;;;;;;;;;;;;;;;;;;;;;;;;;;;;;;
99;54;307;;;;;;;;;;;;;;;;;;;;;;;;;;;;;;;;;;;;
100;65;214;;;;;;;;;;;;;;;;;;;;;;;;;;;;;;;;;;;;
101;68;229;;;;;;;;;;;;;;;;;;;;;;;;;;;;;;;;;;;;
102;56;192;;;;;;;;;;;;;;;;;;;;;;;;;;;;;;;;;;;;
103;50;365;;;;;;;;;;;;;;;;;;;;;;;;;;;;;;;;;;;;
104;58;337;;;;;;;;;;;;;;;;;;;;;;;;;;;;;;;;;;;;
105;52;254;;;;;;;;;;;;;;;;;;;;;;;;;;;;;;;;;;;;
106;64;196;;;;;;;;;;;;;;;;;;;;;;;;;;;;;;;;;;;;
107;52;161;;;;;;;;;;;;;;;;;;;;;;;;;;;;;;;;;;;;
108;51;219;;;;;;;;;;;;;;;;;;;;;;;;;;;;;;;;;;;;
109;67;191;;;;;;;;;;;;;;;;;;;;;;;;;;;;;;;;;;;;
110;50;266;;;;;;;;;;;;;;;;;;;;;;;;;;;;;;;;;;;;
111;58;338;;;;;;;;;;;;;;;;;;;;;;;;;;;;;;;;;;;;
112;62;255;;;;;;;;;;;;;;;;;;;;;;;;;;;;;;;;;;;;
113;57;362;;;;;;;;;;;;;;;;;;;;;;;;;;;;;;;;;;;;
114;67;237;;;;;;;;;;;;;;;;;;;;;;;;;;;;;;;;;;;;
115;67;171;;;;;;;;;;;;;;;;;;;;;;;;;;;;;;;;;;;;
116;56;183;;;;;;;;;;;;;;;;;;;;;;;;;;;;;;;;;;;;
117;62;337;;;;;;;;;;;;;;;;;;;;;;;;;;;;;;;;;;;;
118;55;172;;;;;;;;;;;;;;;;;;;;;;;;;;;;;;;;;;;;
119;58;351;;;;;;;;;;;;;;;;;;;;;;;;;;;;;;;;;;;;
120;61;161;;;;;;;;;;;;;;;;;;;;;;;;;;;;;;;;;;;;
121;55;263;;;;;;;;;;;;;;;;;;;;;;;;;;;;;;;;;;;;
122;61;203;;;;;;;;;;;;;;;;;;;;;;;;;;;;;;;;;;;;
123;61;216;;;;;;;;;;;;;;;;;;;;;;;;;;;;;;;;;;;;
124;54;231;;;;;;;;;;;;;;;;;;;;;;;;;;;;;;;;;;;;
125;52;288;;;;;;;;;;;;;;;;;;;;;;;;;;;;;;;;;;;;
126;55;197;;;;;;;;;;;;;;;;;;;;;;;;;;;;;;;;;;;;
127;60;230;;;;;;;;;;;;;;;;;;;;;;;;;;;;;;;;;;;;
128;63;191;;;;;;;;;;;;;;;;;;;;;;;;;;;;;;;;;;;;
129;61;362;;;;;;;;;;;;;;;;;;;;;;;;;;;;;;;;;;;;
130;63;192;;;;;;;;;;;;;;;;;;;;;;;;;;;;;;;;;;;;
131;48;185;;;;;;;;;;;;;;;;;;;;;;;;;;;;;;;;;;;;
132;66;194;;;;;;;;;;;;;;;;;;;;;;;;;;;;;;;;;;;;
133;48;306;;;;;;;;;;;;;;;;;;;;;;;;;;;;;;;;;;;;
134;58;249;;;;;;;;;;;;;;;;;;;;;;;;;;;;;;;;;;;;
135;61;177;;;;;;;;;;;;;;;;;;;;;;;;;;;;;;;;;;;;
136;64;172;;;;;;;;;;;;;;;;;;;;;;;;;;;;;;;;;;;;
137;58;178;;;;;;;;;;;;;;;;;;;;;;;;;;;;;;;;;;;;
138;50;167;;;;;;;;;;;;;;;;;;;;;;;;;;;;;;;;;;;;
139;51;259;;;;;;;;;;;;;;;;;;;;;;;;;;;;;;;;;;;;
140;65;196;;;;;;;;;;;;;;;;;;;;;;;;;;;;;;;;;;;;
141;61;291;;;;;;;;;;;;;;;;;;;;;;;;;;;;;;;;;;;;
142;50;228;;;;;;;;;;;;;;;;;;;;;;;;;;;;;;;;;;;;
143;62;209;;;;;;;;;;;;;;;;;;;;;;;;;;;;;;;;;;;;
144;59;236;;;;;;;;;;;;;;;;;;;;;;;;;;;;;;;;;;;;
145;49;204;;;;;;;;;;;;;;;;;;;;;;;;;;;;;;;;;;;;
146;56;283;;;;;;;;;;;;;;;;;;;;;;;;;;;;;;;;;;;;
147;51;261;;;;;;;;;;;;;;;;;;;;;;;;;;;;;;;;;;;;
148;48;214;;;;;;;;;;;;;;;;;;;;;;;;;;;;;;;;;;;;
149;60;264;;;;;;;;;;;;;;;;;;;;;;;;;;;;;;;;;;;;
150;51;363;;;;;;;;;;;;;;;;;;;;;;;;;;;;;;;;;;;;
151;64;350;;;;;;;;;;;;;;;;;;;;;;;;;;;;;;;;;;;;
152;62;189;;;;;;;;;;;;;;;;;;;;;;;;;;;;;;;;;;;;
153;65;227;;;;;;;;;;;;;;;;;;;;;;;;;;;;;;;;;;;;
154;61;266;;;;;;;;;;;;;;;;;;;;;;;;;;;;;;;;;;;;
155;52;309;;;;;;;;;;;;;;;;;;;;;;;;;;;;;;;;;;;;
156;68;200;;;;;;;;;;;;;;;;;;;;;;;;;;;;;;;;;;;;
157;50;277;;;;;;;;;;;;;;;;;;;;;;;;;;;;;;;;;;;;
158;58;244;;;;;;;;;;;;;;;;;;;;;;;;;;;;;;;;;;;;
159;68;284;;;;;;;;;;;;;;;;;;;;;;;;;;;;;;;;;;;;
160;58;331;;;;;;;;;;;;;;;;;;;;;;;;;;;;;;;;;;;;
161;51;187;;;;;;;;;;;;;;;;;;;;;;;;;;;;;;;;;;;;
162;54;255;;;;;;;;;;;;;;;;;;;;;;;;;;;;;;;;;;;;
163;62;201;;;;;;;;;;;;;;;;;;;;;;;;;;;;;;;;;;;;
164;66;169;;;;;;;;;;;;;;;;;;;;;;;;;;;;;;;;;;;;
165;49;345;;;;;;;;;;;;;;;;;;;;;;;;;;;;;;;;;;;;
166;57;308;;;;;;;;;;;;;;;;;;;;;;;;;;;;;;;;;;;;
167;54;350;;;;;;;;;;;;;;;;;;;;;;;;;;;;;;;;;;;;
168;56;324;;;;;;;;;;;;;;;;;;;;;;;;;;;;;;;;;;;;
169;67;374;;;;;;;;;;;;;;;;;;;;;;;;;;;;;;;;;;;;
170;58;238;;;;;;;;;;;;;;;;;;;;;;;;;;;;;;;;;;;;
171;60;164;;;;;;;;;;;;;;;;;;;;;;;;;;;;;;;;;;;;
172;51;244;;;;;;;;;;;;;;;;;;;;;;;;;;;;;;;;;;;;
173;52;205;;;;;;;;;;;;;;;;;;;;;;;;;;;;;;;;;;;;
174;57;294;;;;;;;;;;;;;;;;;;;;;;;;;;;;;;;;;;;;
175;68;291;;;;;;;;;;;;;;;;;;;;;;;;;;;;;;;;;;;;
176;53;159;;;;;;;;;;;;;;;;;;;;;;;;;;;;;;;;;;;;
177;48;240;;;;;;;;;;;;;;;;;;;;;;;;;;;;;;;;;;;;
178;64;298;;;;;;;;;;;;;;;;;;;;;;;;;;;;;;;;;;;;
179;59;210;;;;;;;;;;;;;;;;;;;;;;;;;;;;;;;;;;;;
180;57;296;;;;;;;;;;;;;;;;;;;;;;;;;;;;;;;;;;;;
181;56;290;;;;;;;;;;;;;;;;;;;;;;;;;;;;;;;;;;;;
182;56;235;;;;;;;;;;;;;;;;;;;;;;;;;;;;;;;;;;;;
183;52;220;;;;;;;;;;;;;;;;;;;;;;;;;;;;;;;;;;;;
184;66;209;;;;;;;;;;;;;;;;;;;;;;;;;;;;;;;;;;;;
185;51;321;;;;;;;;;;;;;;;;;;;;;;;;;;;;;;;;;;;;
186;57;375;;;;;;;;;;;;;;;;;;;;;;;;;;;;;;;;;;;;
187;49;183;;;;;;;;;;;;;;;;;;;;;;;;;;;;;;;;;;;;
188;52;186;;;;;;;;;;;;;;;;;;;;;;;;;;;;;;;;;;;;
189;68;361;;;;;;;;;;;;;;;;;;;;;;;;;;;;;;;;;;;;
190;52;260;;;;;;;;;;;;;;;;;;;;;;;;;;;;;;;;;;;;
191;63;217;;;;;;;;;;;;;;;;;;;;;;;;;;;;;;;;;;;;
192;49;262;;;;;;;;;;;;;;;;;;;;;;;;;;;;;;;;;;;;
193;60;257;;;;;;;;;;;;;;;;;;;;;;;;;;;;;;;;;;;;
194;62;357;;;;;;;;;;;;;;;;;;;;;;;;;;;;;;;;;;;;
195;49;322;;;;;;;;;;;;;;;;;;;;;;;;;;;;;;;;;;;;
196;52;308;;;;;;;;;;;;;;;;;;;;;;;;;;;;;;;;;;;;
197;59;345;;;;;;;;;;;;;;;;;;;;;;;;;;;;;;;;;;;;
198;67;369;;;;;;;;;;;;;;;;;;;;;;;;;;;;;;;;;;;;
199;60;330;;;;;;;;;;;;;;;;;;;;;;;;;;;;;;;;;;;;
200;51;365;;;;;;;;;;;;;;;;;;;;;;;;;;;;;;;;;;;;
201;54;208;;;;;;;;;;;;;;;;;;;;;;;;;;;;;;;;;;;;
202;57;204;;;;;;;;;;;;;;;;;;;;;;;;;;;;;;;;;;;;
203;51;218;;;;;;;;;;;;;;;;;;;;;;;;;;;;;;;;;;;;
204;67;352;;;;;;;;;;;;;;;;;;;;;;;;;;;;;;;;;;;;
205;51;302;;;;;;;;;;;;;;;;;;;;;;;;;;;;;;;;;;;;
206;61;293;;;;;;;;;;;;;;;;;;;;;;;;;;;;;;;;;;;;
207;48;374;;;;;;;;;;;;;;;;;;;;;;;;;;;;;;;;;;;;
208;66;192;;;;;;;;;;;;;;;;;;;;;;;;;;;;;;;;;;;;
209;58;361;;;;;;;;;;;;;;;;;;;;;;;;;;;;;;;;;;;;
210;64;328;;;;;;;;;;;;;;;;;;;;;;;;;;;;;;;;;;;;
211;60;372;;;;;;;;;;;;;;;;;;;;;;;;;;;;;;;;;;;;
212;50;245;;;;;;;;;;;;;;;;;;;;;;;;;;;;;;;;;;;;
213;59;327;;;;;;;;;;;;;;;;;;;;;;;;;;;;;;;;;;;;
214;57;207;;;;;;;;;;;;;;;;;;;;;;;;;;;;;;;;;;;;
215;51;212;;;;;;;;;;;;;;;;;;;;;;;;;;;;;;;;;;;;
216;58;201;;;;;;;;;;;;;;;;;;;;;;;;;;;;;;;;;;;;
217;64;214;;;;;;;;;;;;;;;;;;;;;;;;;;;;;;;;;;;;
218;51;269;;;;;;;;;;;;;;;;;;;;;;;;;;;;;;;;;;;;
219;64;349;;;;;;;;;;;;;;;;;;;;;;;;;;;;;;;;;;;;
220;54;227;;;;;;;;;;;;;;;;;;;;;;;;;;;;;;;;;;;;
221;59;330;;;;;;;;;;;;;;;;;;;;;;;;;;;;;;;;;;;;
222;63;252;;;;;;;;;;;;;;;;;;;;;;;;;;;;;;;;;;;;
223;49;286;;;;;;;;;;;;;;;;;;;;;;;;;;;;;;;;;;;;
224;61;275;;;;;;;;;;;;;;;;;;;;;;;;;;;;;;;;;;;;
225;68;330;;;;;;;;;;;;;;;;;;;;;;;;;;;;;;;;;;;;
226;57;306;;;;;;;;;;;;;;;;;;;;;;;;;;;;;;;;;;;;
227;48;240;;;;;;;;;;;;;;;;;;;;;;;;;;;;;;;;;;;;
228;55;230;;;;;;;;;;;;;;;;;;;;;;;;;;;;;;;;;;;;
229;49;175;;;;;;;;;;;;;;;;;;;;;;;;;;;;;;;;;;;;
230;62;239;;;;;;;;;;;;;;;;;;;;;;;;;;;;;;;;;;;;
231;64;310;;;;;;;;;;;;;;;;;;;;;;;;;;;;;;;;;;;;
232;63;357;;;;;;;;;;;;;;;;;;;;;;;;;;;;;;;;;;;;
233;51;259;;;;;;;;;;;;;;;;;;;;;;;;;;;;;;;;;;;;
234;65;327;;;;;;;;;;;;;;;;;;;;;;;;;;;;;;;;;;;;
235;65;242;;;;;;;;;;;;;;;;;;;;;;;;;;;;;;;;;;;;
236;55;297;;;;;;;;;;;;;;;;;;;;;;;;;;;;;;;;;;;;
237;60;257;;;;;;;;;;;;;;;;;;;;;;;;;;;;;;;;;;;;
238;53;334;;;;;;;;;;;;;;;;;;;;;;;;;;;;;;;;;;;;
239;52;313;;;;;;;;;;;;;;;;;;;;;;;;;;;;;;;;;;;;
240;54;365;;;;;;;;;;;;;;;;;;;;;;;;;;;;;;;;;;;;
241;50;360;;;;;;;;;;;;;;;;;;;;;;;;;;;;;;;;;;;;
242;53;241;;;;;;;;;;;;;;;;;;;;;;;;;;;;;;;;;;;;
243;64;339;;;;;;;;;;;;;;;;;;;;;;;;;;;;;;;;;;;;
244;51;246;;;;;;;;;;;;;;;;;;;;;;;;;;;;;;;;;;;;
245;67;338;;;;;;;;;;;;;;;;;;;;;;;;;;;;;;;;;;;;
246;56;315;;;;;;;;;;;;;;;;;;;;;;;;;;;;;;;;;;;;
247;52;368;;;;;;;;;;;;;;;;;;;;;;;;;;;;;;;;;;;;
248;58;340;;;;;;;;;;;;;;;;;;;;;;;;;;;;;;;;;;;;
249;49;341;;;;;;;;;;;;;;;;;;;;;;;;;;;;;;;;;;;;
250;53;296;;;;;;;;;;;;;;;;;;;;;;;;;;;;;;;;;;;;
251;63;350;;;;;;;;;;;;;;;;;;;;;;;;;;;;;;;;;;;;
252;62;284;;;;;;;;;;;;;;;;;;;;;;;;;;;;;;;;;;;;
253;57;336;;;;;;;;;;;;;;;;;;;;;;;;;;;;;;;;;;;;
254;49;282;;;;;;;;;;;;;;;;;;;;;;;;;;;;;;;;;;;;
255;50;275;;;;;;;;;;;;;;;;;;;;;;;;;;;;;;;;;;;;
256;50;240;;;;;;;;;;;;;;;;;;;;;;;;;;;;;;;;;;;;
257;64;314;;;;;;;;;;;;;;;;;;;;;;;;;;;;;;;;;;;;
258;53;350;;;;;;;;;;;;;;;;;;;;;;;;;;;;;;;;;;;;
259;57;233;;;;;;;;;;;;;;;;;;;;;;;;;;;;;;;;;;;;
260;50;228;;;;;;;;;;;;;;;;;;;;;;;;;;;;;;;;;;;;
261;54;254;;;;;;;;;;;;;;;;;;;;;;;;;;;;;;;;;;;;
262;66;161;;;;;;;;;;;;;;;;;;;;;;;;;;;;;;;;;;;;
263;68;296;;;;;;;;;;;;;;;;;;;;;;;;;;;;;;;;;;;;
264;56;297;;;;;;;;;;;;;;;;;;;;;;;;;;;;;;;;;;;;
265;67;248;;;;;;;;;;;;;;;;;;;;;;;;;;;;;;;;;;;;
266;63;244;;;;;;;;;;;;;;;;;;;;;;;;;;;;;;;;;;;;
267;57;304;;;;;;;;;;;;;;;;;;;;;;;;;;;;;;;;;;;;
268;52;210;;;;;;;;;;;;;;;;;;;;;;;;;;;;;;;;;;;;
269;52;306;;;;;;;;;;;;;;;;;;;;;;;;;;;;;;;;;;;;
270;67;370;;;;;;;;;;;;;;;;;;;;;;;;;;;;;;;;;;;;
271;63;289;;;;;;;;;;;;;;;;;;;;;;;;;;;;;;;;;;;;
272;53;239;;;;;;;;;;;;;;;;;;;;;;;;;;;;;;;;;;;;
273;63;169;;;;;;;;;;;;;;;;;;;;;;;;;;;;;;;;;;;;
274;67;266;;;;;;;;;;;;;;;;;;;;;;;;;;;;;;;;;;;;
275;62;294;;;;;;;;;;;;;;;;;;;;;;;;;;;;;;;;;;;;
276;56;316;;;;;;;;;;;;;;;;;;;;;;;;;;;;;;;;;;;;
277;63;367;;;;;;;;;;;;;;;;;;;;;;;;;;;;;;;;;;;;
278;55;225;;;;;;;;;;;;;;;;;;;;;;;;;;;;;;;;;;;;
279;48;307;;;;;;;;;;;;;;;;;;;;;;;;;;;;;;;;;;;;
280;60;332;;;;;;;;;;;;;;;;;;;;;;;;;;;;;;;;;;;;
281;56;254;;;;;;;;;;;;;;;;;;;;;;;;;;;;;;;;;;;;
282;61;313;;;;;;;;;;;;;;;;;;;;;;;;;;;;;;;;;;;;
283;64;311;;;;;;;;;;;;;;;;;;;;;;;;;;;;;;;;;;;;
284;67;181;;;;;;;;;;;;;;;;;;;;;;;;;;;;;;;;;;;;
285;58;162;;;;;;;;;;;;;;;;;;;;;;;;;;;;;;;;;;;;
286;61;323;;;;;;;;;;;;;;;;;;;;;;;;;;;;;;;;;;;;
287;56;191;;;;;;;;;;;;;;;;;;;;;;;;;;;;;;;;;;;;
288;59;308;;;;;;;;;;;;;;;;;;;;;;;;;;;;;;;;;;;;
289;51;266;;;;;;;;;;;;;;;;;;;;;;;;;;;;;;;;;;;;
290;53;357;;;;;;;;;;;;;;;;;;;;;;;;;;;;;;;;;;;;
291;62;361;;;;;;;;;;;;;;;;;;;;;;;;;;;;;;;;;;;;
292;67;229;;;;;;;;;;;;;;;;;;;;;;;;;;;;;;;;;;;;
293;48;161;;;;;;;;;;;;;;;;;;;;;;;;;;;;;;;;;;;;
294;62;261;;;;;;;;;;;;;;;;;;;;;;;;;;;;;;;;;;;;
295;54;353;;;;;;;;;;;;;;;;;;;;;;;;;;;;;;;;;;;;
296;52;277;;;;;;;;;;;;;;;;;;;;;;;;;;;;;;;;;;;;
297;49;189;;;;;;;;;;;;;;;;;;;;;;;;;;;;;;;;;;;;
298;60;226;;;;;;;;;;;;;;;;;;;;;;;;;;;;;;;;;;;;
299;68;282;;;;;;;;;;;;;;;;;;;;;;;;;;;;;;;;;;;;
300;60;164;;;;;;;;;;;;;;;;;;;;;;;;;;;;;;;;;;;;
301;50;343;;;;;;;;;;;;;;;;;;;;;;;;;;;;;;;;;;;;
302;68;310;;;;;;;;;;;;;;;;;;;;;;;;;;;;;;;;;;;;
303;68;298;;;;;;;;;;;;;;;;;;;;;;;;;;;;;;;;;;;;
304;54;281;;;;;;;;;;;;;;;;;;;;;;;;;;;;;;;;;;;;
305;56;301;;;;;;;;;;;;;;;;;;;;;;;;;;;;;;;;;;;;
306;51;270;;;;;;;;;;;;;;;;;;;;;;;;;;;;;;;;;;;;
307;56;310;;;;;;;;;;;;;;;;;;;;;;;;;;;;;;;;;;;;
308;50;258;;;;;;;;;;;;;;;;;;;;;;;;;;;;;;;;;;;;
309;58;223;;;;;;;;;;;;;;;;;;;;;;;;;;;;;;;;;;;;
310;62;329;;;;;;;;;;;;;;;;;;;;;;;;;;;;;;;;;;;;
311;48;260;;;;;;;;;;;;;;;;;;;;;;;;;;;;;;;;;;;;
312;64;291;;;;;;;;;;;;;;;;;;;;;;;;;;;;;;;;;;;;
313;64;182;;;;;;;;;;;;;;;;;;;;;;;;;;;;;;;;;;;;
314;62;215;;;;;;;;;;;;;;;;;;;;;;;;;;;;;;;;;;;;
315;59;214;;;;;;;;;;;;;;;;;;;;;;;;;;;;;;;;;;;;
316;62;286;;;;;;;;;;;;;;;;;;;;;;;;;;;;;;;;;;;;
317;67;214;;;;;;;;;;;;;;;;;;;;;;;;;;;;;;;;;;;;
318;65;340;;;;;;;;;;;;;;;;;;;;;;;;;;;;;;;;;;;;
319;67;208;;;;;;;;;;;;;;;;;;;;;;;;;;;;;;;;;;;;
320;55;239;;;;;;;;;;;;;;;;;;;;;;;;;;;;;;;;;;;;
321;62;183;;;;;;;;;;;;;;;;;;;;;;;;;;;;;;;;;;;;
322;49;304;;;;;;;;;;;;;;;;;;;;;;;;;;;;;;;;;;;;
323;63;312;;;;;;;;;;;;;;;;;;;;;;;;;;;;;;;;;;;;
324;50;238;;;;;;;;;;;;;;;;;;;;;;;;;;;;;;;;;;;;
325;48;186;;;;;;;;;;;;;;;;;;;;;;;;;;;;;;;;;;;;
326;64;306;;;;;;;;;;;;;;;;;;;;;;;;;;;;;;;;;;;;
327;66;330;;;;;;;;;;;;;;;;;;;;;;;;;;;;;;;;;;;;
328;48;297;;;;;;;;;;;;;;;;;;;;;;;;;;;;;;;;;;;;
329;49;239;;;;;;;;;;;;;;;;;;;;;;;;;;;;;;;;;;;;
330;67;347;;;;;;;;;;;;;;;;;;;;;;;;;;;;;;;;;;;;
331;67;173;;;;;;;;;;;;;;;;;;;;;;;;;;;;;;;;;;;;
332;68;188;;;;;;;;;;;;;;;;;;;;;;;;;;;;;;;;;;;;
333;67;280;;;;;;;;;;;;;;;;;;;;;;;;;;;;;;;;;;;;
334;60;191;;;;;;;;;;;;;;;;;;;;;;;;;;;;;;;;;;;;
335;66;220;;;;;;;;;;;;;;;;;;;;;;;;;;;;;;;;;;;;
336;58;222;;;;;;;;;;;;;;;;;;;;;;;;;;;;;;;;;;;;
337;67;229;;;;;;;;;;;;;;;;;;;;;;;;;;;;;;;;;;;;
338;50;357;;;;;;;;;;;;;;;;;;;;;;;;;;;;;;;;;;;;
339;56;182;;;;;;;;;;;;;;;;;;;;;;;;;;;;;;;;;;;;
340;66;176;;;;;;;;;;;;;;;;;;;;;;;;;;;;;;;;;;;;
341;68;229;;;;;;;;;;;;;;;;;;;;;;;;;;;;;;;;;;;;
342;52;253;;;;;;;;;;;;;;;;;;;;;;;;;;;;;;;;;;;;
343;57;165;;;;;;;;;;;;;;;;;;;;;;;;;;;;;;;;;;;;
344;63;188;;;;;;;;;;;;;;;;;;;;;;;;;;;;;;;;;;;;
345;53;196;;;;;;;;;;;;;;;;;;;;;;;;;;;;;;;;;;;;
346;63;283;;;;;;;;;;;;;;;;;;;;;;;;;;;;;;;;;;;;
347;54;264;;;;;;;;;;;;;;;;;;;;;;;;;;;;;;;;;;;;
348;56;293;;;;;;;;;;;;;;;;;;;;;;;;;;;;;;;;;;;;
349;50;364;;;;;;;;;;;;;;;;;;;;;;;;;;;;;;;;;;;;
350;63;199;;;;;;;;;;;;;;;;;;;;;;;;;;;;;;;;;;;;
351;50;374;;;;;;;;;;;;;;;;;;;;;;;;;;;;;;;;;;;;
352;58;319;;;;;;;;;;;;;;;;;;;;;;;;;;;;;;;;;;;;
353;61;267;;;;;;;;;;;;;;;;;;;;;;;;;;;;;;;;;;;;
354;63;277;;;;;;;;;;;;;;;;;;;;;;;;;;;;;;;;;;;;
355;62;177;;;;;;;;;;;;;;;;;;;;;;;;;;;;;;;;;;;;
356;53;368;;;;;;;;;;;;;;;;;;;;;;;;;;;;;;;;;;;;
357;58;337;;;;;;;;;;;;;;;;;;;;;;;;;;;;;;;;;;;;
358;66;294;;;;;;;;;;;;;;;;;;;;;;;;;;;;;;;;;;;;
359;65;281;;;;;;;;;;;;;;;;;;;;;;;;;;;;;;;;;;;;
360;62;357;;;;;;;;;;;;;;;;;;;;;;;;;;;;;;;;;;;;
361;65;258;;;;;;;;;;;;;;;;;;;;;;;;;;;;;;;;;;;;
362;66;314;;;;;;;;;;;;;;;;;;;;;;;;;;;;;;;;;;;;
363;58;361;;;;;;;;;;;;;;;;;;;;;;;;;;;;;;;;;;;;
364;68;259;;;;;;;;;;;;;;;;;;;;;;;;;;;;;;;;;;;;
365;66;263;;;;;;;;;;;;;;;;;;;;;;;;;;;;;;;;;;;;
366;64;254;;;;;;;;;;;;;;;;;;;;;;;;;;;;;;;;;;;;
367;55;306;;;;;;;;;;;;;;;;;;;;;;;;;;;;;;;;;;;;
368;68;370;;;;;;;;;;;;;;;;;;;;;;;;;;;;;;;;;;;;
369;65;267;;;;;;;;;;;;;;;;;;;;;;;;;;;;;;;;;;;;
370;65;368;;;;;;;;;;;;;;;;;;;;;;;;;;;;;;;;;;;;
371;54;196;;;;;;;;;;;;;;;;;;;;;;;;;;;;;;;;;;;;
372;57;195;;;;;;;;;;;;;;;;;;;;;;;;;;;;;;;;;;;;
373;67;331;;;;;;;;;;;;;;;;;;;;;;;;;;;;;;;;;;;;
374;49;266;;;;;;;;;;;;;;;;;;;;;;;;;;;;;;;;;;;;
375;60;332;;;;;;;;;;;;;;;;;;;;;;;;;;;;;;;;;;;;
376;64;277;;;;;;;;;;;;;;;;;;;;;;;;;;;;;;;;;;;;
377;53;334;;;;;;;;;;;;;;;;;;;;;;;;;;;;;;;;;;;;
378;55;302;;;;;;;;;;;;;;;;;;;;;;;;;;;;;;;;;;;;
379;49;325;;;;;;;;;;;;;;;;;;;;;;;;;;;;;;;;;;;;
380;52;308;;;;;;;;;;;;;;;;;;;;;;;;;;;;;;;;;;;;
381;59;218;;;;;;;;;;;;;;;;;;;;;;;;;;;;;;;;;;;;
382;61;204;;;;;;;;;;;;;;;;;;;;;;;;;;;;;;;;;;;;
383;53;335;;;;;;;;;;;;;;;;;;;;;;;;;;;;;;;;;;;;
384;60;338;;;;;;;;;;;;;;;;;;;;;;;;;;;;;;;;;;;;
385;66;359;;;;;;;;;;;;;;;;;;;;;;;;;;;;;;;;;;;;
386;64;231;;;;;;;;;;;;;;;;;;;;;;;;;;;;;;;;;;;;
387;63;311;;;;;;;;;;;;;;;;;;;;;;;;;;;;;;;;;;;;
388;61;303;;;;;;;;;;;;;;;;;;;;;;;;;;;;;;;;;;;;
389;48;316;;;;;;;;;;;;;;;;;;;;;;;;;;;;;;;;;;;;
390;64;316;;;;;;;;;;;;;;;;;;;;;;;;;;;;;;;;;;;;
391;66;262;;;;;;;;;;;;;;;;;;;;;;;;;;;;;;;;;;;;
392;66;181;;;;;;;;;;;;;;;;;;;;;;;;;;;;;;;;;;;;
393;62;214;;;;;;;;;;;;;;;;;;;;;;;;;;;;;;;;;;;;
394;51;282;;;;;;;;;;;;;;;;;;;;;;;;;;;;;;;;;;;;
395;55;225;;;;;;;;;;;;;;;;;;;;;;;;;;;;;;;;;;;;
396;66;176;;;;;;;;;;;;;;;;;;;;;;;;;;;;;;;;;;;;
397;53;187;;;;;;;;;;;;;;;;;;;;;;;;;;;;;;;;;;;;
398;57;164;;;;;;;;;;;;;;;;;;;;;;;;;;;;;;;;;;;;
399;59;209;;;;;;;;;;;;;;;;;;;;;;;;;;;;;;;;;;;;
400;66;182;;;;;;;;;;;;;;;;;;;;;;;;;;;;;;;;;;;;
401;52;211;;;;;;;;;;;;;;;;;;;;;;;;;;;;;;;;;;;;
402;61;301;;;;;;;;;;;;;;;;;;;;;;;;;;;;;;;;;;;;
403;48;257;;;;;;;;;;;;;;;;;;;;;;;;;;;;;;;;;;;;
404;64;283;;;;;;;;;;;;;;;;;;;;;;;;;;;;;;;;;;;;
405;51;305;;;;;;;;;;;;;;;;;;;;;;;;;;;;;;;;;;;;
406;61;238;;;;;;;;;;;;;;;;;;;;;;;;;;;;;;;;;;;;
407;68;265;;;;;;;;;;;;;;;;;;;;;;;;;;;;;;;;;;;;
408;65;170;;;;;;;;;;;;;;;;;;;;;;;;;;;;;;;;;;;;
409;56;275;;;;;;;;;;;;;;;;;;;;;;;;;;;;;;;;;;;;
410;58;163;;;;;;;;;;;;;;;;;;;;;;;;;;;;;;;;;;;;
411;61;162;;;;;;;;;;;;;;;;;;;;;;;;;;;;;;;;;;;;
412;58;278;;;;;;;;;;;;;;;;;;;;;;;;;;;;;;;;;;;;
413;48;310;;;;;;;;;;;;;;;;;;;;;;;;;;;;;;;;;;;;
414;49;292;;;;;;;;;;;;;;;;;;;;;;;;;;;;;;;;;;;;
415;53;288;;;;;;;;;;;;;;;;;;;;;;;;;;;;;;;;;;;;
416;50;328;;;;;;;;;;;;;;;;;;;;;;;;;;;;;;;;;;;;
417;65;307;;;;;;;;;;;;;;;;;;;;;;;;;;;;;;;;;;;;
418;58;293;;;;;;;;;;;;;;;;;;;;;;;;;;;;;;;;;;;;
419;65;206;;;;;;;;;;;;;;;;;;;;;;;;;;;;;;;;;;;;
420;49;210;;;;;;;;;;;;;;;;;;;;;;;;;;;;;;;;;;;;
421;57;285;;;;;;;;;;;;;;;;;;;;;;;;;;;;;;;;;;;;
422;56;301;;;;;;;;;;;;;;;;;;;;;;;;;;;;;;;;;;;;
423;61;270;;;;;;;;;;;;;;;;;;;;;;;;;;;;;;;;;;;;
424;50;330;;;;;;;;;;;;;;;;;;;;;;;;;;;;;;;;;;;;
425;54;241;;;;;;;;;;;;;;;;;;;;;;;;;;;;;;;;;;;;
426;61;375;;;;;;;;;;;;;;;;;;;;;;;;;;;;;;;;;;;;
427;63;348;;;;;;;;;;;;;;;;;;;;;;;;;;;;;;;;;;;;
428;57;201;;;;;;;;;;;;;;;;;;;;;;;;;;;;;;;;;;;;
429;63;177;;;;;;;;;;;;;;;;;;;;;;;;;;;;;;;;;;;;
430;60;228;;;;;;;;;;;;;;;;;;;;;;;;;;;;;;;;;;;;
431;56;200;;;;;;;;;;;;;;;;;;;;;;;;;;;;;;;;;;;;
432;54;287;;;;;;;;;;;;;;;;;;;;;;;;;;;;;;;;;;;;
433;59;346;;;;;;;;;;;;;;;;;;;;;;;;;;;;;;;;;;;;
434;59;221;;;;;;;;;;;;;;;;;;;;;;;;;;;;;;;;;;;;
435;68;203;;;;;;;;;;;;;;;;;;;;;;;;;;;;;;;;;;;;
436;52;197;;;;;;;;;;;;;;;;;;;;;;;;;;;;;;;;;;;;
437;57;220;;;;;;;;;;;;;;;;;;;;;;;;;;;;;;;;;;;;
438;59;174;;;;;;;;;;;;;;;;;;;;;;;;;;;;;;;;;;;;
439;61;339;;;;;;;;;;;;;;;;;;;;;;;;;;;;;;;;;;;;
440;66;274;;;;;;;;;;;;;;;;;;;;;;;;;;;;;;;;;;;;
441;60;215;;;;;;;;;;;;;;;;;;;;;;;;;;;;;;;;;;;;
442;54;351;;;;;;;;;;;;;;;;;;;;;;;;;;;;;;;;;;;;
443;68;188;;;;;;;;;;;;;;;;;;;;;;;;;;;;;;;;;;;;
444;49;367;;;;;;;;;;;;;;;;;;;;;;;;;;;;;;;;;;;;
445;52;228;;;;;;;;;;;;;;;;;;;;;;;;;;;;;;;;;;;;
446;66;322;;;;;;;;;;;;;;;;;;;;;;;;;;;;;;;;;;;;
447;60;325;;;;;;;;;;;;;;;;;;;;;;;;;;;;;;;;;;;;
448;65;216;;;;;;;;;;;;;;;;;;;;;;;;;;;;;;;;;;;;
449;53;329;;;;;;;;;;;;;;;;;;;;;;;;;;;;;;;;;;;;
450;50;331;;;;;;;;;;;;;;;;;;;;;;;;;;;;;;;;;;;;
451;68;336;;;;;;;;;;;;;;;;;;;;;;;;;;;;;;;;;;;;
452;65;181;;;;;;;;;;;;;;;;;;;;;;;;;;;;;;;;;;;;
453;51;256;;;;;;;;;;;;;;;;;;;;;;;;;;;;;;;;;;;;
454;59;252;;;;;;;;;;;;;;;;;;;;;;;;;;;;;;;;;;;;
455;54;242;;;;;;;;;;;;;;;;;;;;;;;;;;;;;;;;;;;;
456;59;357;;;;;;;;;;;;;;;;;;;;;;;;;;;;;;;;;;;;
457;52;176;;;;;;;;;;;;;;;;;;;;;;;;;;;;;;;;;;;;
458;63;190;;;;;;;;;;;;;;;;;;;;;;;;;;;;;;;;;;;;
459;66;249;;;;;;;;;;;;;;;;;;;;;;;;;;;;;;;;;;;;
460;61;246;;;;;;;;;;;;;;;;;;;;;;;;;;;;;;;;;;;;
461;64;283;;;;;;;;;;;;;;;;;;;;;;;;;;;;;;;;;;;;
462;49;300;;;;;;;;;;;;;;;;;;;;;;;;;;;;;;;;;;;;
463;54;259;;;;;;;;;;;;;;;;;;;;;;;;;;;;;;;;;;;;
464;60;306;;;;;;;;;;;;;;;;;;;;;;;;;;;;;;;;;;;;
465;57;224;;;;;;;;;;;;;;;;;;;;;;;;;;;;;;;;;;;;
466;64;342;;;;;;;;;;;;;;;;;;;;;;;;;;;;;;;;;;;;
467;63;179;;;;;;;;;;;;;;;;;;;;;;;;;;;;;;;;;;;;
468;59;327;;;;;;;;;;;;;;;;;;;;;;;;;;;;;;;;;;;;
469;57;202;;;;;;;;;;;;;;;;;;;;;;;;;;;;;;;;;;;;
470;63;271;;;;;;;;;;;;;;;;;;;;;;;;;;;;;;;;;;;;
471;60;296;;;;;;;;;;;;;;;;;;;;;;;;;;;;;;;;;;;;
472;61;342;;;;;;;;;;;;;;;;;;;;;;;;;;;;;;;;;;;;
473;63;366;;;;;;;;;;;;;;;;;;;;;;;;;;;;;;;;;;;;
474;59;273;;;;;;;;;;;;;;;;;;;;;;;;;;;;;;;;;;;;
475;48;308;;;;;;;;;;;;;;;;;;;;;;;;;;;;;;;;;;;;
476;55;345;;;;;;;;;;;;;;;;;;;;;;;;;;;;;;;;;;;;
477;51;313;;;;;;;;;;;;;;;;;;;;;;;;;;;;;;;;;;;;
478;68;247;;;;;;;;;;;;;;;;;;;;;;;;;;;;;;;;;;;;
479;63;194;;;;;;;;;;;;;;;;;;;;;;;;;;;;;;;;;;;;
480;64;312;;;;;;;;;;;;;;;;;;;;;;;;;;;;;;;;;;;;
481;66;348;;;;;;;;;;;;;;;;;;;;;;;;;;;;;;;;;;;;
482;68;159;;;;;;;;;;;;;;;;;;;;;;;;;;;;;;;;;;;;
483;60;314;;;;;;;;;;;;;;;;;;;;;;;;;;;;;;;;;;;;
484;52;180;;;;;;;;;;;;;;;;;;;;;;;;;;;;;;;;;;;;
485;59;365;;;;;;;;;;;;;;;;;;;;;;;;;;;;;;;;;;;;
486;62;307;;;;;;;;;;;;;;;;;;;;;;;;;;;;;;;;;;;;
487;62;181;;;;;;;;;;;;;;;;;;;;;;;;;;;;;;;;;;;;
488;65;194;;;;;;;;;;;;;;;;;;;;;;;;;;;;;;;;;;;;
489;67;206;;;;;;;;;;;;;;;;;;;;;;;;;;;;;;;;;;;;
490;66;240;;;;;;;;;;;;;;;;;;;;;;;;;;;;;;;;;;;;
491;66;169;;;;;;;;;;;;;;;;;;;;;;;;;;;;;;;;;;;;
492;61;324;;;;;;;;;;;;;;;;;;;;;;;;;;;;;;;;;;;;
493;67;361;;;;;;;;;;;;;;;;;;;;;;;;;;;;;;;;;;;;
494;62;159;;;;;;;;;;;;;;;;;;;;;;;;;;;;;;;;;;;;
495;49;191;;;;;;;;;;;;;;;;;;;;;;;;;;;;;;;;;;;;
496;48;219;;;;;;;;;;;;;;;;;;;;;;;;;;;;;;;;;;;;
497;57;162;;;;;;;;;;;;;;;;;;;;;;;;;;;;;;;;;;;;
498;61;314;;;;;;;;;;;;;;;;;;;;;;;;;;;;;;;;;;;;
499;61;301;;;;;;;;;;;;;;;;;;;;;;;;;;;;;;;;;;;;
500;53;167;;;;;;;;;;;;;;;;;;;;;;;;;;;;;;;;;;;;
501;63;258;;;;;;;;;;;;;;;;;;;;;;;;;;;;;;;;;;;;
502;48;179;;;;;;;;;;;;;;;;;;;;;;;;;;;;;;;;;;;;
503;68;309;;;;;;;;;;;;;;;;;;;;;;;;;;;;;;;;;;;;
504;51;171;;;;;;;;;;;;;;;;;;;;;;;;;;;;;;;;;;;;
505;66;340;;;;;;;;;;;;;;;;;;;;;;;;;;;;;;;;;;;;
506;58;275;;;;;;;;;;;;;;;;;;;;;;;;;;;;;;;;;;;;
507;53;244;;;;;;;;;;;;;;;;;;;;;;;;;;;;;;;;;;;;
508;64;339;;;;;;;;;;;;;;;;;;;;;;;;;;;;;;;;;;;;
509;52;207;;;;;;;;;;;;;;;;;;;;;;;;;;;;;;;;;;;;
510;49;301;;;;;;;;;;;;;;;;;;;;;;;;;;;;;;;;;;;;
511;48;201;;;;;;;;;;;;;;;;;;;;;;;;;;;;;;;;;;;;
512;48;240;;;;;;;;;;;;;;;;;;;;;;;;;;;;;;;;;;;;
513;67;251;;;;;;;;;;;;;;;;;;;;;;;;;;;;;;;;;;;;
514;53;307;;;;;;;;;;;;;;;;;;;;;;;;;;;;;;;;;;;;
515;57;181;;;;;;;;;;;;;;;;;;;;;;;;;;;;;;;;;;;;
516;58;215;;;;;;;;;;;;;;;;;;;;;;;;;;;;;;;;;;;;
517;68;344;;;;;;;;;;;;;;;;;;;;;;;;;;;;;;;;;;;;
518;61;255;;;;;;;;;;;;;;;;;;;;;;;;;;;;;;;;;;;;
519;48;276;;;;;;;;;;;;;;;;;;;;;;;;;;;;;;;;;;;;
520;64;209;;;;;;;;;;;;;;;;;;;;;;;;;;;;;;;;;;;;
521;64;294;;;;;;;;;;;;;;;;;;;;;;;;;;;;;;;;;;;;
522;50;215;;;;;;;;;;;;;;;;;;;;;;;;;;;;;;;;;;;;
523;61;263;;;;;;;;;;;;;;;;;;;;;;;;;;;;;;;;;;;;
524;48;166;;;;;;;;;;;;;;;;;;;;;;;;;;;;;;;;;;;;
525;52;334;;;;;;;;;;;;;;;;;;;;;;;;;;;;;;;;;;;;
526;58;251;;;;;;;;;;;;;;;;;;;;;;;;;;;;;;;;;;;;
527;60;288;;;;;;;;;;;;;;;;;;;;;;;;;;;;;;;;;;;;
528;48;280;;;;;;;;;;;;;;;;;;;;;;;;;;;;;;;;;;;;
529;57;295;;;;;;;;;;;;;;;;;;;;;;;;;;;;;;;;;;;;
530;51;280;;;;;;;;;;;;;;;;;;;;;;;;;;;;;;;;;;;;
531;57;261;;;;;;;;;;;;;;;;;;;;;;;;;;;;;;;;;;;;
532;60;330;;;;;;;;;;;;;;;;;;;;;;;;;;;;;;;;;;;;
533;54;209;;;;;;;;;;;;;;;;;;;;;;;;;;;;;;;;;;;;
534;60;249;;;;;;;;;;;;;;;;;;;;;;;;;;;;;;;;;;;;
535;64;236;;;;;;;;;;;;;;;;;;;;;;;;;;;;;;;;;;;;
536;64;309;;;;;;;;;;;;;;;;;;;;;;;;;;;;;;;;;;;;
537;57;342;;;;;;;;;;;;;;;;;;;;;;;;;;;;;;;;;;;;
538;66;248;;;;;;;;;;;;;;;;;;;;;;;;;;;;;;;;;;;;
539;49;320;;;;;;;;;;;;;;;;;;;;;;;;;;;;;;;;;;;;
540;63;256;;;;;;;;;;;;;;;;;;;;;;;;;;;;;;;;;;;;
541;56;206;;;;;;;;;;;;;;;;;;;;;;;;;;;;;;;;;;;;
542;57;301;;;;;;;;;;;;;;;;;;;;;;;;;;;;;;;;;;;;
543;61;178;;;;;;;;;;;;;;;;;;;;;;;;;;;;;;;;;;;;
544;62;238;;;;;;;;;;;;;;;;;;;;;;;;;;;;;;;;;;;;
545;65;172;;;;;;;;;;;;;;;;;;;;;;;;;;;;;;;;;;;;
546;68;249;;;;;;;;;;;;;;;;;;;;;;;;;;;;;;;;;;;;
547;56;206;;;;;;;;;;;;;;;;;;;;;;;;;;;;;;;;;;;;
548;64;224;;;;;;;;;;;;;;;;;;;;;;;;;;;;;;;;;;;;
549;48;227;;;;;;;;;;;;;;;;;;;;;;;;;;;;;;;;;;;;
550;67;251;;;;;;;;;;;;;;;;;;;;;;;;;;;;;;;;;;;;
551;67;286;;;;;;;;;;;;;;;;;;;;;;;;;;;;;;;;;;;;
552;53;345;;;;;;;;;;;;;;;;;;;;;;;;;;;;;;;;;;;;
553;48;329;;;;;;;;;;;;;;;;;;;;;;;;;;;;;;;;;;;;
554;68;318;;;;;;;;;;;;;;;;;;;;;;;;;;;;;;;;;;;;
555;63;288;;;;;;;;;;;;;;;;;;;;;;;;;;;;;;;;;;;;
556;57;312;;;;;;;;;;;;;;;;;;;;;;;;;;;;;;;;;;;;
557;67;313;;;;;;;;;;;;;;;;;;;;;;;;;;;;;;;;;;;;
558;50;207;;;;;;;;;;;;;;;;;;;;;;;;;;;;;;;;;;;;
559;48;362;;;;;;;;;;;;;;;;;;;;;;;;;;;;;;;;;;;;
560;51;209;;;;;;;;;;;;;;;;;;;;;;;;;;;;;;;;;;;;
561;59;204;;;;;;;;;;;;;;;;;;;;;;;;;;;;;;;;;;;;
562;59;313;;;;;;;;;;;;;;;;;;;;;;;;;;;;;;;;;;;;
563;55;239;;;;;;;;;;;;;;;;;;;;;;;;;;;;;;;;;;;;
564;54;209;;;;;;;;;;;;;;;;;;;;;;;;;;;;;;;;;;;;
565;49;283;;;;;;;;;;;;;;;;;;;;;;;;;;;;;;;;;;;;
566;55;325;;;;;;;;;;;;;;;;;;;;;;;;;;;;;;;;;;;;
567;65;221;;;;;;;;;;;;;;;;;;;;;;;;;;;;;;;;;;;;
568;59;339;;;;;;;;;;;;;;;;;;;;;;;;;;;;;;;;;;;;
569;68;292;;;;;;;;;;;;;;;;;;;;;;;;;;;;;;;;;;;;
570;61;341;;;;;;;;;;;;;;;;;;;;;;;;;;;;;;;;;;;;
571;50;363;;;;;;;;;;;;;;;;;;;;;;;;;;;;;;;;;;;;
572;61;213;;;;;;;;;;;;;;;;;;;;;;;;;;;;;;;;;;;;
573;60;220;;;;;;;;;;;;;;;;;;;;;;;;;;;;;;;;;;;;
574;58;304;;;;;;;;;;;;;;;;;;;;;;;;;;;;;;;;;;;;
575;49;281;;;;;;;;;;;;;;;;;;;;;;;;;;;;;;;;;;;;
576;54;179;;;;;;;;;;;;;;;;;;;;;;;;;;;;;;;;;;;;
577;51;311;;;;;;;;;;;;;;;;;;;;;;;;;;;;;;;;;;;;
578;66;309;;;;;;;;;;;;;;;;;;;;;;;;;;;;;;;;;;;;
579;48;277;;;;;;;;;;;;;;;;;;;;;;;;;;;;;;;;;;;;
580;58;300;;;;;;;;;;;;;;;;;;;;;;;;;;;;;;;;;;;;
581;57;321;;;;;;;;;;;;;;;;;;;;;;;;;;;;;;;;;;;;
582;62;190;;;;;;;;;;;;;;;;;;;;;;;;;;;;;;;;;;;;
583;52;311;;;;;;;;;;;;;;;;;;;;;;;;;;;;;;;;;;;;
584;66;294;;;;;;;;;;;;;;;;;;;;;;;;;;;;;;;;;;;;
585;51;225;;;;;;;;;;;;;;;;;;;;;;;;;;;;;;;;;;;;
586;53;242;;;;;;;;;;;;;;;;;;;;;;;;;;;;;;;;;;;;
587;54;230;;;;;;;;;;;;;;;;;;;;;;;;;;;;;;;;;;;;
588;50;291;;;;;;;;;;;;;;;;;;;;;;;;;;;;;;;;;;;;
589;59;228;;;;;;;;;;;;;;;;;;;;;;;;;;;;;;;;;;;;
590;50;176;;;;;;;;;;;;;;;;;;;;;;;;;;;;;;;;;;;;
591;66;298;;;;;;;;;;;;;;;;;;;;;;;;;;;;;;;;;;;;
592;51;266;;;;;;;;;;;;;;;;;;;;;;;;;;;;;;;;;;;;
593;53;220;;;;;;;;;;;;;;;;;;;;;;;;;;;;;;;;;;;;
594;61;182;;;;;;;;;;;;;;;;;;;;;;;;;;;;;;;;;;;;
595;56;343;;;;;;;;;;;;;;;;;;;;;;;;;;;;;;;;;;;;
596;65;248;;;;;;;;;;;;;;;;;;;;;;;;;;;;;;;;;;;;
597;50;372;;;;;;;;;;;;;;;;;;;;;;;;;;;;;;;;;;;;
598;55;237;;;;;;;;;;;;;;;;;;;;;;;;;;;;;;;;;;;;
599;53;267;;;;;;;;;;;;;;;;;;;;;;;;;;;;;;;;;;;;
600;48;350;;;;;;;;;;;;;;;;;;;;;;;;;;;;;;;;;;;;
601;56;350;;;;;;;;;;;;;;;;;;;;;;;;;;;;;;;;;;;;
602;58;327;;;;;;;;;;;;;;;;;;;;;;;;;;;;;;;;;;;;
603;54;358;;;;;;;;;;;;;;;;;;;;;;;;;;;;;;;;;;;;
604;64;337;;;;;;;;;;;;;;;;;;;;;;;;;;;;;;;;;;;;
605;60;216;;;;;;;;;;;;;;;;;;;;;;;;;;;;;;;;;;;;
606;50;310;;;;;;;;;;;;;;;;;;;;;;;;;;;;;;;;;;;;
607;56;249;;;;;;;;;;;;;;;;;;;;;;;;;;;;;;;;;;;;
608;64;339;;;;;;;;;;;;;;;;;;;;;;;;;;;;;;;;;;;;
609;60;199;;;;;;;;;;;;;;;;;;;;;;;;;;;;;;;;;;;;
610;66;361;;;;;;;;;;;;;;;;;;;;;;;;;;;;;;;;;;;;
611;49;329;;;;;;;;;;;;;;;;;;;;;;;;;;;;;;;;;;;;
612;52;226;;;;;;;;;;;;;;;;;;;;;;;;;;;;;;;;;;;;
613;58;344;;;;;;;;;;;;;;;;;;;;;;;;;;;;;;;;;;;;
614;53;227;;;;;;;;;;;;;;;;;;;;;;;;;;;;;;;;;;;;
615;68;323;;;;;;;;;;;;;;;;;;;;;;;;;;;;;;;;;;;;
616;55;172;;;;;;;;;;;;;;;;;;;;;;;;;;;;;;;;;;;;
617;53;211;;;;;;;;;;;;;;;;;;;;;;;;;;;;;;;;;;;;
618;62;371;;;;;;;;;;;;;;;;;;;;;;;;;;;;;;;;;;;;
619;50;240;;;;;;;;;;;;;;;;;;;;;;;;;;;;;;;;;;;;
620;52;235;;;;;;;;;;;;;;;;;;;;;;;;;;;;;;;;;;;;
621;58;332;;;;;;;;;;;;;;;;;;;;;;;;;;;;;;;;;;;;
622;59;191;;;;;;;;;;;;;;;;;;;;;;;;;;;;;;;;;;;;
623;63;184;;;;;;;;;;;;;;;;;;;;;;;;;;;;;;;;;;;;
624;68;312;;;;;;;;;;;;;;;;;;;;;;;;;;;;;;;;;;;;
625;52;274;;;;;;;;;;;;;;;;;;;;;;;;;;;;;;;;;;;;
626;64;175;;;;;;;;;;;;;;;;;;;;;;;;;;;;;;;;;;;;
627;61;181;;;;;;;;;;;;;;;;;;;;;;;;;;;;;;;;;;;;
628;64;289;;;;;;;;;;;;;;;;;;;;;;;;;;;;;;;;;;;;
629;62;201;;;;;;;;;;;;;;;;;;;;;;;;;;;;;;;;;;;;
630;54;254;;;;;;;;;;;;;;;;;;;;;;;;;;;;;;;;;;;;
631;61;263;;;;;;;;;;;;;;;;;;;;;;;;;;;;;;;;;;;;
632;66;336;;;;;;;;;;;;;;;;;;;;;;;;;;;;;;;;;;;;
633;67;173;;;;;;;;;;;;;;;;;;;;;;;;;;;;;;;;;;;;
634;56;197;;;;;;;;;;;;;;;;;;;;;;;;;;;;;;;;;;;;
635;63;334;;;;;;;;;;;;;;;;;;;;;;;;;;;;;;;;;;;;
636;62;206;;;;;;;;;;;;;;;;;;;;;;;;;;;;;;;;;;;;
637;68;271;;;;;;;;;;;;;;;;;;;;;;;;;;;;;;;;;;;;
638;57;221;;;;;;;;;;;;;;;;;;;;;;;;;;;;;;;;;;;;
639;53;172;;;;;;;;;;;;;;;;;;;;;;;;;;;;;;;;;;;;
640;60;239;;;;;;;;;;;;;;;;;;;;;;;;;;;;;;;;;;;;
641;66;280;;;;;;;;;;;;;;;;;;;;;;;;;;;;;;;;;;;;
642;50;251;;;;;;;;;;;;;;;;;;;;;;;;;;;;;;;;;;;;
643;68;218;;;;;;;;;;;;;;;;;;;;;;;;;;;;;;;;;;;;
644;57;197;;;;;;;;;;;;;;;;;;;;;;;;;;;;;;;;;;;;
645;57;178;;;;;;;;;;;;;;;;;;;;;;;;;;;;;;;;;;;;
646;54;363;;;;;;;;;;;;;;;;;;;;;;;;;;;;;;;;;;;;
647;49;323;;;;;;;;;;;;;;;;;;;;;;;;;;;;;;;;;;;;
648;62;160;;;;;;;;;;;;;;;;;;;;;;;;;;;;;;;;;;;;
649;67;314;;;;;;;;;;;;;;;;;;;;;;;;;;;;;;;;;;;;
650;52;300;;;;;;;;;;;;;;;;;;;;;;;;;;;;;;;;;;;;
651;62;334;;;;;;;;;;;;;;;;;;;;;;;;;;;;;;;;;;;;
652;68;242;;;;;;;;;;;;;;;;;;;;;;;;;;;;;;;;;;;;
653;65;277;;;;;;;;;;;;;;;;;;;;;;;;;;;;;;;;;;;;
654;49;182;;;;;;;;;;;;;;;;;;;;;;;;;;;;;;;;;;;;
655;61;270;;;;;;;;;;;;;;;;;;;;;;;;;;;;;;;;;;;;
656;55;291;;;;;;;;;;;;;;;;;;;;;;;;;;;;;;;;;;;;
657;60;357;;;;;;;;;;;;;;;;;;;;;;;;;;;;;;;;;;;;
658;60;178;;;;;;;;;;;;;;;;;;;;;;;;;;;;;;;;;;;;
659;55;252;;;;;;;;;;;;;;;;;;;;;;;;;;;;;;;;;;;;
660;65;298;;;;;;;;;;;;;;;;;;;;;;;;;;;;;;;;;;;;
661;61;210;;;;;;;;;;;;;;;;;;;;;;;;;;;;;;;;;;;;
662;63;297;;;;;;;;;;;;;;;;;;;;;;;;;;;;;;;;;;;;
663;58;323;;;;;;;;;;;;;;;;;;;;;;;;;;;;;;;;;;;;
664;50;209;;;;;;;;;;;;;;;;;;;;;;;;;;;;;;;;;;;;
665;65;253;;;;;;;;;;;;;;;;;;;;;;;;;;;;;;;;;;;;
666;55;275;;;;;;;;;;;;;;;;;;;;;;;;;;;;;;;;;;;;
667;65;363;;;;;;;;;;;;;;;;;;;;;;;;;;;;;;;;;;;;
668;62;171;;;;;;;;;;;;;;;;;;;;;;;;;;;;;;;;;;;;
669;60;318;;;;;;;;;;;;;;;;;;;;;;;;;;;;;;;;;;;;
670;60;255;;;;;;;;;;;;;;;;;;;;;;;;;;;;;;;;;;;;
671;51;230;;;;;;;;;;;;;;;;;;;;;;;;;;;;;;;;;;;;
672;58;360;;;;;;;;;;;;;;;;;;;;;;;;;;;;;;;;;;;;
673;63;310;;;;;;;;;;;;;;;;;;;;;;;;;;;;;;;;;;;;
674;55;196;;;;;;;;;;;;;;;;;;;;;;;;;;;;;;;;;;;;
675;51;291;;;;;;;;;;;;;;;;;;;;;;;;;;;;;;;;;;;;
676;61;269;;;;;;;;;;;;;;;;;;;;;;;;;;;;;;;;;;;;
677;66;287;;;;;;;;;;;;;;;;;;;;;;;;;;;;;;;;;;;;
678;48;260;;;;;;;;;;;;;;;;;;;;;;;;;;;;;;;;;;;;
679;49;233;;;;;;;;;;;;;;;;;;;;;;;;;;;;;;;;;;;;
680;66;176;;;;;;;;;;;;;;;;;;;;;;;;;;;;;;;;;;;;
681;56;344;;;;;;;;;;;;;;;;;;;;;;;;;;;;;;;;;;;;
682;54;207;;;;;;;;;;;;;;;;;;;;;;;;;;;;;;;;;;;;
683;51;334;;;;;;;;;;;;;;;;;;;;;;;;;;;;;;;;;;;;
684;64;301;;;;;;;;;;;;;;;;;;;;;;;;;;;;;;;;;;;;
685;53;270;;;;;;;;;;;;;;;;;;;;;;;;;;;;;;;;;;;;
686;58;294;;;;;;;;;;;;;;;;;;;;;;;;;;;;;;;;;;;;
687;65;241;;;;;;;;;;;;;;;;;;;;;;;;;;;;;;;;;;;;
688;57;224;;;;;;;;;;;;;;;;;;;;;;;;;;;;;;;;;;;;
689;63;334;;;;;;;;;;;;;;;;;;;;;;;;;;;;;;;;;;;;
690;66;333;;;;;;;;;;;;;;;;;;;;;;;;;;;;;;;;;;;;
691;56;366;;;;;;;;;;;;;;;;;;;;;;;;;;;;;;;;;;;;
692;48;203;;;;;;;;;;;;;;;;;;;;;;;;;;;;;;;;;;;;
693;64;340;;;;;;;;;;;;;;;;;;;;;;;;;;;;;;;;;;;;
694;61;209;;;;;;;;;;;;;;;;;;;;;;;;;;;;;;;;;;;;
695;67;202;;;;;;;;;;;;;;;;;;;;;;;;;;;;;;;;;;;;
696;68;210;;;;;;;;;;;;;;;;;;;;;;;;;;;;;;;;;;;;
697;65;269;;;;;;;;;;;;;;;;;;;;;;;;;;;;;;;;;;;;
698;48;231;;;;;;;;;;;;;;;;;;;;;;;;;;;;;;;;;;;;
699;48;223;;;;;;;;;;;;;;;;;;;;;;;;;;;;;;;;;;;;
700;63;361;;;;;;;;;;;;;;;;;;;;;;;;;;;;;;;;;;;;
701;67;307;;;;;;;;;;;;;;;;;;;;;;;;;;;;;;;;;;;;
702;67;304;;;;;;;;;;;;;;;;;;;;;;;;;;;;;;;;;;;;
703;50;164;;;;;;;;;;;;;;;;;;;;;;;;;;;;;;;;;;;;
704;62;270;;;;;;;;;;;;;;;;;;;;;;;;;;;;;;;;;;;;
705;50;315;;;;;;;;;;;;;;;;;;;;;;;;;;;;;;;;;;;;
706;63;216;;;;;;;;;;;;;;;;;;;;;;;;;;;;;;;;;;;;
707;57;175;;;;;;;;;;;;;;;;;;;;;;;;;;;;;;;;;;;;
708;61;259;;;;;;;;;;;;;;;;;;;;;;;;;;;;;;;;;;;;
709;64;177;;;;;;;;;;;;;;;;;;;;;;;;;;;;;;;;;;;;
710;57;231;;;;;;;;;;;;;;;;;;;;;;;;;;;;;;;;;;;;
711;51;279;;;;;;;;;;;;;;;;;;;;;;;;;;;;;;;;;;;;
712;63;168;;;;;;;;;;;;;;;;;;;;;;;;;;;;;;;;;;;;
713;59;218;;;;;;;;;;;;;;;;;;;;;;;;;;;;;;;;;;;;
714;64;230;;;;;;;;;;;;;;;;;;;;;;;;;;;;;;;;;;;;
715;55;185;;;;;;;;;;;;;;;;;;;;;;;;;;;;;;;;;;;;
716;53;250;;;;;;;;;;;;;;;;;;;;;;;;;;;;;;;;;;;;
717;49;368;;;;;;;;;;;;;;;;;;;;;;;;;;;;;;;;;;;;
718;66;318;;;;;;;;;;;;;;;;;;;;;;;;;;;;;;;;;;;;
719;48;240;;;;;;;;;;;;;;;;;;;;;;;;;;;;;;;;;;;;
720;50;325;;;;;;;;;;;;;;;;;;;;;;;;;;;;;;;;;;;;
721;51;188;;;;;;;;;;;;;;;;;;;;;;;;;;;;;;;;;;;;
722;49;202;;;;;;;;;;;;;;;;;;;;;;;;;;;;;;;;;;;;
723;57;315;;;;;;;;;;;;;;;;;;;;;;;;;;;;;;;;;;;;
724;64;327;;;;;;;;;;;;;;;;;;;;;;;;;;;;;;;;;;;;
725;65;281;;;;;;;;;;;;;;;;;;;;;;;;;;;;;;;;;;;;
726;59;365;;;;;;;;;;;;;;;;;;;;;;;;;;;;;;;;;;;;
727;66;251;;;;;;;;;;;;;;;;;;;;;;;;;;;;;;;;;;;;
728;64;235;;;;;;;;;;;;;;;;;;;;;;;;;;;;;;;;;;;;
729;67;350;;;;;;;;;;;;;;;;;;;;;;;;;;;;;;;;;;;;
730;51;338;;;;;;;;;;;;;;;;;;;;;;;;;;;;;;;;;;;;
731;53;233;;;;;;;;;;;;;;;;;;;;;;;;;;;;;;;;;;;;
732;51;162;;;;;;;;;;;;;;;;;;;;;;;;;;;;;;;;;;;;
733;57;229;;;;;;;;;;;;;;;;;;;;;;;;;;;;;;;;;;;;
734;52;263;;;;;;;;;;;;;;;;;;;;;;;;;;;;;;;;;;;;
735;51;361;;;;;;;;;;;;;;;;;;;;;;;;;;;;;;;;;;;;
736;57;253;;;;;;;;;;;;;;;;;;;;;;;;;;;;;;;;;;;;
737;68;303;;;;;;;;;;;;;;;;;;;;;;;;;;;;;;;;;;;;
738;51;165;;;;;;;;;;;;;;;;;;;;;;;;;;;;;;;;;;;;
739;57;276;;;;;;;;;;;;;;;;;;;;;;;;;;;;;;;;;;;;
740;60;333;;;;;;;;;;;;;;;;;;;;;;;;;;;;;;;;;;;;
741;58;373;;;;;;;;;;;;;;;;;;;;;;;;;;;;;;;;;;;;
742;58;330;;;;;;;;;;;;;;;;;;;;;;;;;;;;;;;;;;;;
743;60;227;;;;;;;;;;;;;;;;;;;;;;;;;;;;;;;;;;;;
744;59;294;;;;;;;;;;;;;;;;;;;;;;;;;;;;;;;;;;;;
745;52;276;;;;;;;;;;;;;;;;;;;;;;;;;;;;;;;;;;;;
746;64;190;;;;;;;;;;;;;;;;;;;;;;;;;;;;;;;;;;;;
747;52;220;;;;;;;;;;;;;;;;;;;;;;;;;;;;;;;;;;;;
748;58;336;;;;;;;;;;;;;;;;;;;;;;;;;;;;;;;;;;;;
749;68;175;;;;;;;;;;;;;;;;;;;;;;;;;;;;;;;;;;;;
750;63;186;;;;;;;;;;;;;;;;;;;;;;;;;;;;;;;;;;;;
751;58;226;;;;;;;;;;;;;;;;;;;;;;;;;;;;;;;;;;;;
752;60;356;;;;;;;;;;;;;;;;;;;;;;;;;;;;;;;;;;;;
753;50;178;;;;;;;;;;;;;;;;;;;;;;;;;;;;;;;;;;;;
754;68;201;;;;;;;;;;;;;;;;;;;;;;;;;;;;;;;;;;;;
755;53;319;;;;;;;;;;;;;;;;;;;;;;;;;;;;;;;;;;;;
756;66;246;;;;;;;;;;;;;;;;;;;;;;;;;;;;;;;;;;;;
757;54;232;;;;;;;;;;;;;;;;;;;;;;;;;;;;;;;;;;;;
758;55;217;;;;;;;;;;;;;;;;;;;;;;;;;;;;;;;;;;;;
759;66;239;;;;;;;;;;;;;;;;;;;;;;;;;;;;;;;;;;;;
760;56;189;;;;;;;;;;;;;;;;;;;;;;;;;;;;;;;;;;;;
761;64;287;;;;;;;;;;;;;;;;;;;;;;;;;;;;;;;;;;;;
762;53;297;;;;;;;;;;;;;;;;;;;;;;;;;;;;;;;;;;;;
763;50;222;;;;;;;;;;;;;;;;;;;;;;;;;;;;;;;;;;;;
764;52;310;;;;;;;;;;;;;;;;;;;;;;;;;;;;;;;;;;;;
765;51;235;;;;;;;;;;;;;;;;;;;;;;;;;;;;;;;;;;;;
766;49;243;;;;;;;;;;;;;;;;;;;;;;;;;;;;;;;;;;;;
767;64;259;;;;;;;;;;;;;;;;;;;;;;;;;;;;;;;;;;;;
768;54;196;;;;;;;;;;;;;;;;;;;;;;;;;;;;;;;;;;;;
769;56;283;;;;;;;;;;;;;;;;;;;;;;;;;;;;;;;;;;;;
770;61;268;;;;;;;;;;;;;;;;;;;;;;;;;;;;;;;;;;;;
771;55;238;;;;;;;;;;;;;;;;;;;;;;;;;;;;;;;;;;;;
772;55;258;;;;;;;;;;;;;;;;;;;;;;;;;;;;;;;;;;;;
773;61;242;;;;;;;;;;;;;;;;;;;;;;;;;;;;;;;;;;;;
774;65;351;;;;;;;;;;;;;;;;;;;;;;;;;;;;;;;;;;;;
775;67;211;;;;;;;;;;;;;;;;;;;;;;;;;;;;;;;;;;;;
776;68;290;;;;;;;;;;;;;;;;;;;;;;;;;;;;;;;;;;;;
777;61;289;;;;;;;;;;;;;;;;;;;;;;;;;;;;;;;;;;;;
778;55;358;;;;;;;;;;;;;;;;;;;;;;;;;;;;;;;;;;;;
779;48;367;;;;;;;;;;;;;;;;;;;;;;;;;;;;;;;;;;;;
780;64;340;;;;;;;;;;;;;;;;;;;;;;;;;;;;;;;;;;;;
781;66;218;;;;;;;;;;;;;;;;;;;;;;;;;;;;;;;;;;;;
782;48;354;;;;;;;;;;;;;;;;;;;;;;;;;;;;;;;;;;;;
783;62;267;;;;;;;;;;;;;;;;;;;;;;;;;;;;;;;;;;;;
784;60;338;;;;;;;;;;;;;;;;;;;;;;;;;;;;;;;;;;;;
785;48;196;;;;;;;;;;;;;;;;;;;;;;;;;;;;;;;;;;;;
786;66;220;;;;;;;;;;;;;;;;;;;;;;;;;;;;;;;;;;;;
787;62;357;;;;;;;;;;;;;;;;;;;;;;;;;;;;;;;;;;;;
788;64;245;;;;;;;;;;;;;;;;;;;;;;;;;;;;;;;;;;;;
789;52;338;;;;;;;;;;;;;;;;;;;;;;;;;;;;;;;;;;;;
790;68;323;;;;;;;;;;;;;;;;;;;;;;;;;;;;;;;;;;;;
791;57;227;;;;;;;;;;;;;;;;;;;;;;;;;;;;;;;;;;;;
792;63;358;;;;;;;;;;;;;;;;;;;;;;;;;;;;;;;;;;;;
793;56;255;;;;;;;;;;;;;;;;;;;;;;;;;;;;;;;;;;;;
794;63;200;;;;;;;;;;;;;;;;;;;;;;;;;;;;;;;;;;;;
795;50;240;;;;;;;;;;;;;;;;;;;;;;;;;;;;;;;;;;;;
796;51;252;;;;;;;;;;;;;;;;;;;;;;;;;;;;;;;;;;;;
797;64;337;;;;;;;;;;;;;;;;;;;;;;;;;;;;;;;;;;;;
798;60;173;;;;;;;;;;;;;;;;;;;;;;;;;;;;;;;;;;;;
799;54;260;;;;;;;;;;;;;;;;;;;;;;;;;;;;;;;;;;;;
800;64;192;;;;;;;;;;;;;;;;;;;;;;;;;;;;;;;;;;;;
801;64;165;;;;;;;;;;;;;;;;;;;;;;;;;;;;;;;;;;;;
802;65;325;;;;;;;;;;;;;;;;;;;;;;;;;;;;;;;;;;;;
803;55;306;;;;;;;;;;;;;;;;;;;;;;;;;;;;;;;;;;;;
804;66;319;;;;;;;;;;;;;;;;;;;;;;;;;;;;;;;;;;;;
805;64;368;;;;;;;;;;;;;;;;;;;;;;;;;;;;;;;;;;;;
806;62;202;;;;;;;;;;;;;;;;;;;;;;;;;;;;;;;;;;;;
807;68;161;;;;;;;;;;;;;;;;;;;;;;;;;;;;;;;;;;;;
808;56;282;;;;;;;;;;;;;;;;;;;;;;;;;;;;;;;;;;;;
809;58;183;;;;;;;;;;;;;;;;;;;;;;;;;;;;;;;;;;;;
810;58;211;;;;;;;;;;;;;;;;;;;;;;;;;;;;;;;;;;;;
811;64;249;;;;;;;;;;;;;;;;;;;;;;;;;;;;;;;;;;;;
812;63;303;;;;;;;;;;;;;;;;;;;;;;;;;;;;;;;;;;;;
813;48;255;;;;;;;;;;;;;;;;;;;;;;;;;;;;;;;;;;;;
814;58;351;;;;;;;;;;;;;;;;;;;;;;;;;;;;;;;;;;;;
815;54;318;;;;;;;;;;;;;;;;;;;;;;;;;;;;;;;;;;;;
816;49;323;;;;;;;;;;;;;;;;;;;;;;;;;;;;;;;;;;;;
817;49;339;;;;;;;;;;;;;;;;;;;;;;;;;;;;;;;;;;;;
818;68;247;;;;;;;;;;;;;;;;;;;;;;;;;;;;;;;;;;;;
819;57;374;;;;;;;;;;;;;;;;;;;;;;;;;;;;;;;;;;;;
820;59;313;;;;;;;;;;;;;;;;;;;;;;;;;;;;;;;;;;;;
821;59;375;;;;;;;;;;;;;;;;;;;;;;;;;;;;;;;;;;;;
822;56;188;;;;;;;;;;;;;;;;;;;;;;;;;;;;;;;;;;;;
823;62;363;;;;;;;;;;;;;;;;;;;;;;;;;;;;;;;;;;;;
824;57;330;;;;;;;;;;;;;;;;;;;;;;;;;;;;;;;;;;;;
825;56;169;;;;;;;;;;;;;;;;;;;;;;;;;;;;;;;;;;;;
826;59;206;;;;;;;;;;;;;;;;;;;;;;;;;;;;;;;;;;;;
827;67;273;;;;;;;;;;;;;;;;;;;;;;;;;;;;;;;;;;;;
828;56;237;;;;;;;;;;;;;;;;;;;;;;;;;;;;;;;;;;;;
829;54;197;;;;;;;;;;;;;;;;;;;;;;;;;;;;;;;;;;;;
830;63;358;;;;;;;;;;;;;;;;;;;;;;;;;;;;;;;;;;;;
831;52;161;;;;;;;;;;;;;;;;;;;;;;;;;;;;;;;;;;;;
832;57;173;;;;;;;;;;;;;;;;;;;;;;;;;;;;;;;;;;;;
833;66;362;;;;;;;;;;;;;;;;;;;;;;;;;;;;;;;;;;;;
834;51;190;;;;;;;;;;;;;;;;;;;;;;;;;;;;;;;;;;;;
835;48;374;;;;;;;;;;;;;;;;;;;;;;;;;;;;;;;;;;;;
836;50;272;;;;;;;;;;;;;;;;;;;;;;;;;;;;;;;;;;;;
837;59;333;;;;;;;;;;;;;;;;;;;;;;;;;;;;;;;;;;;;
838;62;325;;;;;;;;;;;;;;;;;;;;;;;;;;;;;;;;;;;;
839;48;287;;;;;;;;;;;;;;;;;;;;;;;;;;;;;;;;;;;;
840;68;178;;;;;;;;;;;;;;;;;;;;;;;;;;;;;;;;;;;;
841;68;307;;;;;;;;;;;;;;;;;;;;;;;;;;;;;;;;;;;;
842;57;213;;;;;;;;;;;;;;;;;;;;;;;;;;;;;;;;;;;;
843;51;342;;;;;;;;;;;;;;;;;;;;;;;;;;;;;;;;;;;;
844;64;274;;;;;;;;;;;;;;;;;;;;;;;;;;;;;;;;;;;;
845;57;292;;;;;;;;;;;;;;;;;;;;;;;;;;;;;;;;;;;;
846;50;223;;;;;;;;;;;;;;;;;;;;;;;;;;;;;;;;;;;;
847;53;297;;;;;;;;;;;;;;;;;;;;;;;;;;;;;;;;;;;;
848;58;274;;;;;;;;;;;;;;;;;;;;;;;;;;;;;;;;;;;;
849;59;228;;;;;;;;;;;;;;;;;;;;;;;;;;;;;;;;;;;;
850;52;320;;;;;;;;;;;;;;;;;;;;;;;;;;;;;;;;;;;;
851;64;226;;;;;;;;;;;;;;;;;;;;;;;;;;;;;;;;;;;;
852;63;251;;;;;;;;;;;;;;;;;;;;;;;;;;;;;;;;;;;;
853;67;164;;;;;;;;;;;;;;;;;;;;;;;;;;;;;;;;;;;;
854;61;191;;;;;;;;;;;;;;;;;;;;;;;;;;;;;;;;;;;;
855;65;293;;;;;;;;;;;;;;;;;;;;;;;;;;;;;;;;;;;;
856;55;313;;;;;;;;;;;;;;;;;;;;;;;;;;;;;;;;;;;;
857;52;299;;;;;;;;;;;;;;;;;;;;;;;;;;;;;;;;;;;;
858;67;271;;;;;;;;;;;;;;;;;;;;;;;;;;;;;;;;;;;;
859;59;200;;;;;;;;;;;;;;;;;;;;;;;;;;;;;;;;;;;;
860;66;171;;;;;;;;;;;;;;;;;;;;;;;;;;;;;;;;;;;;
861;50;292;;;;;;;;;;;;;;;;;;;;;;;;;;;;;;;;;;;;
862;62;249;;;;;;;;;;;;;;;;;;;;;;;;;;;;;;;;;;;;
863;66;332;;;;;;;;;;;;;;;;;;;;;;;;;;;;;;;;;;;;
864;53;358;;;;;;;;;;;;;;;;;;;;;;;;;;;;;;;;;;;;
865;54;193;;;;;;;;;;;;;;;;;;;;;;;;;;;;;;;;;;;;
866;52;311;;;;;;;;;;;;;;;;;;;;;;;;;;;;;;;;;;;;
867;55;211;;;;;;;;;;;;;;;;;;;;;;;;;;;;;;;;;;;;
868;54;305;;;;;;;;;;;;;;;;;;;;;;;;;;;;;;;;;;;;
869;67;166;;;;;;;;;;;;;;;;;;;;;;;;;;;;;;;;;;;;
870;54;193;;;;;;;;;;;;;;;;;;;;;;;;;;;;;;;;;;;;
871;51;301;;;;;;;;;;;;;;;;;;;;;;;;;;;;;;;;;;;;
872;62;336;;;;;;;;;;;;;;;;;;;;;;;;;;;;;;;;;;;;
873;53;243;;;;;;;;;;;;;;;;;;;;;;;;;;;;;;;;;;;;
874;50;290;;;;;;;;;;;;;;;;;;;;;;;;;;;;;;;;;;;;
875;62;373;;;;;;;;;;;;;;;;;;;;;;;;;;;;;;;;;;;;
876;68;237;;;;;;;;;;;;;;;;;;;;;;;;;;;;;;;;;;;;
877;57;197;;;;;;;;;;;;;;;;;;;;;;;;;;;;;;;;;;;;
878;60;198;;;;;;;;;;;;;;;;;;;;;;;;;;;;;;;;;;;;
879;60;232;;;;;;;;;;;;;;;;;;;;;;;;;;;;;;;;;;;;
880;59;191;;;;;;;;;;;;;;;;;;;;;;;;;;;;;;;;;;;;
881;63;320;;;;;;;;;;;;;;;;;;;;;;;;;;;;;;;;;;;;
882;65;304;;;;;;;;;;;;;;;;;;;;;;;;;;;;;;;;;;;;
883;56;297;;;;;;;;;;;;;;;;;;;;;;;;;;;;;;;;;;;;
884;55;365;;;;;;;;;;;;;;;;;;;;;;;;;;;;;;;;;;;;
885;55;214;;;;;;;;;;;;;;;;;;;;;;;;;;;;;;;;;;;;
886;60;270;;;;;;;;;;;;;;;;;;;;;;;;;;;;;;;;;;;;
887;66;316;;;;;;;;;;;;;;;;;;;;;;;;;;;;;;;;;;;;
888;66;262;;;;;;;;;;;;;;;;;;;;;;;;;;;;;;;;;;;;
889;67;351;;;;;;;;;;;;;;;;;;;;;;;;;;;;;;;;;;;;
890;50;267;;;;;;;;;;;;;;;;;;;;;;;;;;;;;;;;;;;;
891;62;303;;;;;;;;;;;;;;;;;;;;;;;;;;;;;;;;;;;;
892;52;225;;;;;;;;;;;;;;;;;;;;;;;;;;;;;;;;;;;;
893;51;344;;;;;;;;;;;;;;;;;;;;;;;;;;;;;;;;;;;;
894;53;198;;;;;;;;;;;;;;;;;;;;;;;;;;;;;;;;;;;;
895;61;183;;;;;;;;;;;;;;;;;;;;;;;;;;;;;;;;;;;;
896;49;286;;;;;;;;;;;;;;;;;;;;;;;;;;;;;;;;;;;;
897;58;191;;;;;;;;;;;;;;;;;;;;;;;;;;;;;;;;;;;;
898;56;253;;;;;;;;;;;;;;;;;;;;;;;;;;;;;;;;;;;;
899;64;165;;;;;;;;;;;;;;;;;;;;;;;;;;;;;;;;;;;;
900;56;298;;;;;;;;;;;;;;;;;;;;;;;;;;;;;;;;;;;;
901;48;192;;;;;;;;;;;;;;;;;;;;;;;;;;;;;;;;;;;;
902;53;256;;;;;;;;;;;;;;;;;;;;;;;;;;;;;;;;;;;;
903;56;261;;;;;;;;;;;;;;;;;;;;;;;;;;;;;;;;;;;;
904;57;312;;;;;;;;;;;;;;;;;;;;;;;;;;;;;;;;;;;;
905;54;188;;;;;;;;;;;;;;;;;;;;;;;;;;;;;;;;;;;;
906;53;315;;;;;;;;;;;;;;;;;;;;;;;;;;;;;;;;;;;;
907;52;167;;;;;;;;;;;;;;;;;;;;;;;;;;;;;;;;;;;;
908;57;178;;;;;;;;;;;;;;;;;;;;;;;;;;;;;;;;;;;;
909;59;277;;;;;;;;;;;;;;;;;;;;;;;;;;;;;;;;;;;;
910;58;278;;;;;;;;;;;;;;;;;;;;;;;;;;;;;;;;;;;;
911;55;196;;;;;;;;;;;;;;;;;;;;;;;;;;;;;;;;;;;;
912;54;212;;;;;;;;;;;;;;;;;;;;;;;;;;;;;;;;;;;;
913;51;159;;;;;;;;;;;;;;;;;;;;;;;;;;;;;;;;;;;;
914;48;319;;;;;;;;;;;;;;;;;;;;;;;;;;;;;;;;;;;;
915;54;254;;;;;;;;;;;;;;;;;;;;;;;;;;;;;;;;;;;;
916;62;351;;;;;;;;;;;;;;;;;;;;;;;;;;;;;;;;;;;;
917;57;267;;;;;;;;;;;;;;;;;;;;;;;;;;;;;;;;;;;;
918;57;275;;;;;;;;;;;;;;;;;;;;;;;;;;;;;;;;;;;;
919;56;324;;;;;;;;;;;;;;;;;;;;;;;;;;;;;;;;;;;;
920;67;312;;;;;;;;;;;;;;;;;;;;;;;;;;;;;;;;;;;;
921;56;279;;;;;;;;;;;;;;;;;;;;;;;;;;;;;;;;;;;;
922;66;265;;;;;;;;;;;;;;;;;;;;;;;;;;;;;;;;;;;;
923;65;235;;;;;;;;;;;;;;;;;;;;;;;;;;;;;;;;;;;;
924;56;258;;;;;;;;;;;;;;;;;;;;;;;;;;;;;;;;;;;;
925;62;226;;;;;;;;;;;;;;;;;;;;;;;;;;;;;;;;;;;;
926;67;215;;;;;;;;;;;;;;;;;;;;;;;;;;;;;;;;;;;;
927;59;345;;;;;;;;;;;;;;;;;;;;;;;;;;;;;;;;;;;;
928;53;345;;;;;;;;;;;;;;;;;;;;;;;;;;;;;;;;;;;;
929;65;159;;;;;;;;;;;;;;;;;;;;;;;;;;;;;;;;;;;;
930;53;244;;;;;;;;;;;;;;;;;;;;;;;;;;;;;;;;;;;;
931;57;316;;;;;;;;;;;;;;;;;;;;;;;;;;;;;;;;;;;;
932;56;346;;;;;;;;;;;;;;;;;;;;;;;;;;;;;;;;;;;;
933;57;241;;;;;;;;;;;;;;;;;;;;;;;;;;;;;;;;;;;;
934;53;310;;;;;;;;;;;;;;;;;;;;;;;;;;;;;;;;;;;;
935;59;357;;;;;;;;;;;;;;;;;;;;;;;;;;;;;;;;;;;;
936;62;326;;;;;;;;;;;;;;;;;;;;;;;;;;;;;;;;;;;;
937;61;330;;;;;;;;;;;;;;;;;;;;;;;;;;;;;;;;;;;;
938;51;335;;;;;;;;;;;;;;;;;;;;;;;;;;;;;;;;;;;;
939;54;339;;;;;;;;;;;;;;;;;;;;;;;;;;;;;;;;;;;;
940;56;339;;;;;;;;;;;;;;;;;;;;;;;;;;;;;;;;;;;;
941;60;279;;;;;;;;;;;;;;;;;;;;;;;;;;;;;;;;;;;;
942;48;162;;;;;;;;;;;;;;;;;;;;;;;;;;;;;;;;;;;;
943;59;248;;;;;;;;;;;;;;;;;;;;;;;;;;;;;;;;;;;;
944;55;291;;;;;;;;;;;;;;;;;;;;;;;;;;;;;;;;;;;;
945;52;290;;;;;;;;;;;;;;;;;;;;;;;;;;;;;;;;;;;;
946;62;248;;;;;;;;;;;;;;;;;;;;;;;;;;;;;;;;;;;;
947;58;270;;;;;;;;;;;;;;;;;;;;;;;;;;;;;;;;;;;;
948;53;302;;;;;;;;;;;;;;;;;;;;;;;;;;;;;;;;;;;;
949;51;162;;;;;;;;;;;;;;;;;;;;;;;;;;;;;;;;;;;;
950;48;259;;;;;;;;;;;;;;;;;;;;;;;;;;;;;;;;;;;;
951;50;308;;;;;;;;;;;;;;;;;;;;;;;;;;;;;;;;;;;;
952;66;328;;;;;;;;;;;;;;;;;;;;;;;;;;;;;;;;;;;;
953;61;188;;;;;;;;;;;;;;;;;;;;;;;;;;;;;;;;;;;;
954;61;321;;;;;;;;;;;;;;;;;;;;;;;;;;;;;;;;;;;;
955;62;257;;;;;;;;;;;;;;;;;;;;;;;;;;;;;;;;;;;;
956;59;159;;;;;;;;;;;;;;;;;;;;;;;;;;;;;;;;;;;;
957;60;253;;;;;;;;;;;;;;;;;;;;;;;;;;;;;;;;;;;;
958;64;353;;;;;;;;;;;;;;;;;;;;;;;;;;;;;;;;;;;;
959;62;239;;;;;;;;;;;;;;;;;;;;;;;;;;;;;;;;;;;;
960;54;170;;;;;;;;;;;;;;;;;;;;;;;;;;;;;;;;;;;;
961;48;296;;;;;;;;;;;;;;;;;;;;;;;;;;;;;;;;;;;;
962;57;368;;;;;;;;;;;;;;;;;;;;;;;;;;;;;;;;;;;;
963;52;216;;;;;;;;;;;;;;;;;;;;;;;;;;;;;;;;;;;;
964;53;186;;;;;;;;;;;;;;;;;;;;;;;;;;;;;;;;;;;;
965;59;268;;;;;;;;;;;;;;;;;;;;;;;;;;;;;;;;;;;;
966;61;219;;;;;;;;;;;;;;;;;;;;;;;;;;;;;;;;;;;;
967;64;362;;;;;;;;;;;;;;;;;;;;;;;;;;;;;;;;;;;;
968;63;360;;;;;;;;;;;;;;;;;;;;;;;;;;;;;;;;;;;;
969;61;215;;;;;;;;;;;;;;;;;;;;;;;;;;;;;;;;;;;;
970;55;245;;;;;;;;;;;;;;;;;;;;;;;;;;;;;;;;;;;;
971;64;289;;;;;;;;;;;;;;;;;;;;;;;;;;;;;;;;;;;;
972;67;326;;;;;;;;;;;;;;;;;;;;;;;;;;;;;;;;;;;;
973;48;311;;;;;;;;;;;;;;;;;;;;;;;;;;;;;;;;;;;;
974;64;171;;;;;;;;;;;;;;;;;;;;;;;;;;;;;;;;;;;;
975;63;236;;;;;;;;;;;;;;;;;;;;;;;;;;;;;;;;;;;;
976;68;333;;;;;;;;;;;;;;;;;;;;;;;;;;;;;;;;;;;;
977;62;370;;;;;;;;;;;;;;;;;;;;;;;;;;;;;;;;;;;;
978;57;261;;;;;;;;;;;;;;;;;;;;;;;;;;;;;;;;;;;;
979;52;359;;;;;;;;;;;;;;;;;;;;;;;;;;;;;;;;;;;;
980;60;239;;;;;;;;;;;;;;;;;;;;;;;;;;;;;;;;;;;;
981;66;266;;;;;;;;;;;;;;;;;;;;;;;;;;;;;;;;;;;;
982;52;201;;;;;;;;;;;;;;;;;;;;;;;;;;;;;;;;;;;;
983;65;221;;;;;;;;;;;;;;;;;;;;;;;;;;;;;;;;;;;;
984;52;302;;;;;;;;;;;;;;;;;;;;;;;;;;;;;;;;;;;;
985;62;344;;;;;;;;;;;;;;;;;;;;;;;;;;;;;;;;;;;;
986;52;250;;;;;;;;;;;;;;;;;;;;;;;;;;;;;;;;;;;;
987;68;361;;;;;;;;;;;;;;;;;;;;;;;;;;;;;;;;;;;;
988;53;252;;;;;;;;;;;;;;;;;;;;;;;;;;;;;;;;;;;;
989;63;310;;;;;;;;;;;;;;;;;;;;;;;;;;;;;;;;;;;;
990;67;269;;;;;;;;;;;;;;;;;;;;;;;;;;;;;;;;;;;;
991;57;206;;;;;;;;;;;;;;;;;;;;;;;;;;;;;;;;;;;;
992;56;198;;;;;;;;;;;;;;;;;;;;;;;;;;;;;;;;;;;;
993;59;340;;;;;;;;;;;;;;;;;;;;;;;;;;;;;;;;;;;;
994;60;339;;;;;;;;;;;;;;;;;;;;;;;;;;;;;;;;;;;;
995;58;214;;;;;;;;;;;;;;;;;;;;;;;;;;;;;;;;;;;;
996;62;319;;;;;;;;;;;;;;;;;;;;;;;;;;;;;;;;;;;;
997;62;160;;;;;;;;;;;;;;;;;;;;;;;;;;;;;;;;;;;;
998;59;223;;;;;;;;;;;;;;;;;;;;;;;;;;;;;;;;;;;;
999;56;315;;;;;;;;;;;;;;;;;;;;;;;;;;;;;;;;;;;;
1000;68;322;;;;;;;;;;;;;;;;;;;;;;;;;;;;;;;;;;;;
